/*
 Navicat Premium Data Transfer

 Source Server         : 200mysql
 Source Server Type    : MySQL
 Source Server Version : 50734
 Source Host           : 192.168.1.200:3306
 Source Schema         : itms

 Target Server Type    : MySQL
 Target Server Version : 50734
 File Encoding         : 65001

 Date: 29/06/2021 15:33:14
*/

SET NAMES utf8mb4;
SET FOREIGN_KEY_CHECKS = 0;

-- ----------------------------
-- Table structure for busi_camera
-- ----------------------------
CREATE TABLE `busi_camera` (
  `ID` bigint(20) NOT NULL,
  `DEVICE_CODE` varchar(50) DEFAULT NULL COMMENT '设备编号',
  `DEVICE_DOMAIN` varchar(255) DEFAULT NULL COMMENT '设备域',
  `DEVICE_NAME` varchar(255) DEFAULT NULL COMMENT '设备名称',
  `MAC_ADDRESS` varchar(20) DEFAULT NULL COMMENT 'MAC地址',
  `LONGITUDE` decimal(20,2) DEFAULT NULL COMMENT '经度',
  `LATITUDE` decimal(20,2) DEFAULT NULL COMMENT '纬度',
  `REGION` bigint(20) DEFAULT NULL COMMENT '行政区域代码',
  `CREATE_TIME` datetime DEFAULT NULL COMMENT '创建时间',
  `UPDATE_TIME` datetime DEFAULT NULL COMMENT '更新时间',
  `IP_ADDRESS` bigint(20) DEFAULT NULL COMMENT 'IP地址',
  `STATUS` varchar(20) DEFAULT NULL COMMENT '状态',
  `SIP_SERVER_ID` bigint(20) DEFAULT NULL COMMENT '信令服务器ID',
  `DEVICE_TYPE` varchar(20) DEFAULT '1' COMMENT '设备类型',
  `DOMAIN_IP` bigint(20) DEFAULT NULL COMMENT '域IP',
  `DOMAIN_PORT` bigint(20) DEFAULT NULL COMMENT '域端口',
  `IS_GB` tinyint(1) DEFAULT NULL COMMENT '是否国标',
  `MANUFACTURER` varchar(20) DEFAULT NULL COMMENT '制造商',
  `IS_PROBE` varchar(20) DEFAULT NULL COMMENT '审计',
  `IS_IMPORT` varchar(20) DEFAULT NULL COMMENT '导入',
  `REGION_NAME` varchar(255) DEFAULT NULL COMMENT '行政地区名称',
  `IS_CHECK` tinyint(1) DEFAULT NULL COMMENT '是否确认不是服务器',
  PRIMARY KEY (`ID`) USING BTREE,
  UNIQUE KEY `idx_device_code` (`DEVICE_CODE`) USING BTREE COMMENT '摄像头编码',
  KEY `idx_region_id` (`REGION`) USING BTREE COMMENT '地区索引'
) ENGINE=InnoDB DEFAULT CHARSET=utf8mb4;

-- ----------------------------
-- Table structure for busi_camera_history
-- ----------------------------
CREATE TABLE `busi_camera_history` (
  `ID` bigint(20) NOT NULL,
  `DEVICE_CODE` varchar(255) DEFAULT NULL COMMENT '设备编号',
  `DEVICE_NAME` varchar(255) DEFAULT NULL COMMENT '设备名称',
  `LONGITUDE` decimal(20,2) DEFAULT NULL COMMENT '经度',
  `LATITUDE` decimal(20,2) DEFAULT NULL COMMENT '纬度',
  `IP_ADDRESS` bigint(20) DEFAULT NULL COMMENT 'IP地址',
  `CREATE_TIME` datetime DEFAULT NULL COMMENT '创建时间',
  PRIMARY KEY (`ID`) USING BTREE
) ENGINE=InnoDB DEFAULT CHARSET=utf8mb4;

-- ----------------------------
-- Table structure for busi_client
-- ----------------------------
CREATE TABLE `busi_client` (
  `ID` bigint(20) NOT NULL,
  `DEVICE_CODE` varchar(32) NOT NULL COMMENT '设备编号',
  `DEVICE_NAME` varchar(50) NOT NULL COMMENT '设备名称',
  `MAC_ADDRESS` varchar(20) DEFAULT NULL COMMENT 'MAC地址',
  `STATUS` varchar(20) NOT NULL COMMENT '状态',
  `USERNAME` varchar(50) DEFAULT NULL COMMENT '用户名',
  `CREATE_TIME` datetime NOT NULL COMMENT '创建时间',
  `UPDATE_TIME` datetime NOT NULL COMMENT '更新时间',
  `IP_ADDRESS` bigint(20) DEFAULT NULL COMMENT 'IP地址',
  `SIP_SERVER_ID` bigint(20) DEFAULT NULL COMMENT '信令服务器ID',
  `MEDIA_SERVER_ID` bigint(20) DEFAULT NULL COMMENT '媒体服务器ID',
  `USER_PROXY_SERVER_ID` bigint(20) DEFAULT NULL COMMENT '用户代理服务器ID',
  `DEVICE_TYPE` varchar(20) DEFAULT '6' COMMENT '设备类型',
  `DOMAIN_IP` bigint(20) DEFAULT NULL COMMENT '域IP',
  `DOMAIN_PORT` bigint(20) DEFAULT NULL COMMENT '域端口',
  `REGION` bigint(20) DEFAULT NULL COMMENT '行政区域',
  `SOURCE` varchar(255) DEFAULT NULL COMMENT '下级平台来源',
  PRIMARY KEY (`ID`) USING BTREE,
  UNIQUE KEY `IP_ADDRESS` (`IP_ADDRESS`,`USERNAME`) USING BTREE,
  KEY `BUSI_CLIENT_DEVICE_CODE` (`DEVICE_CODE`) USING BTREE,
  KEY `BUSI_CLIENT_DEVICE_NAME` (`DEVICE_NAME`) USING BTREE,
  KEY `BUSI_CLIENT_IP_ADDRESS` (`IP_ADDRESS`) USING BTREE,
  KEY `BUSI_CLIENT_USERNAME` (`USERNAME`) USING BTREE
) ENGINE=InnoDB DEFAULT CHARSET=utf8mb4;

-- ----------------------------
-- Table structure for busi_client_device
-- ----------------------------
CREATE TABLE `busi_client_device` (
  `ID` bigint(20) NOT NULL,
  `CLIENT_IP` varchar(20) NOT NULL,
  `DEVICE_ID` varchar(100) NOT NULL,
  `USERNAME` varchar(50) DEFAULT NULL,
  `DEVICE_IP` varchar(20) DEFAULT NULL,
  `DEVICE_NAME` varchar(100) DEFAULT NULL,
  `STAMP` datetime NOT NULL,
  PRIMARY KEY (`ID`) USING BTREE
) ENGINE=InnoDB DEFAULT CHARSET=utf8mb4;

-- ----------------------------
-- Table structure for busi_client_terminal
-- ----------------------------
CREATE TABLE `busi_client_terminal` (
  `ID` bigint(20) NOT NULL,
  `DEVICE_CODE` varchar(32) NOT NULL,
  `DEVICE_NAME` varchar(50) NOT NULL,
  `MAC_ADDRESS` varchar(20) DEFAULT NULL,
  `STATUS` varchar(20) NOT NULL,
  `CREATE_TIME` datetime NOT NULL,
  `UPDATE_TIME` datetime NOT NULL,
  `IP_ADDRESS` bigint(20) DEFAULT NULL,
  `SIP_SERVER_ID` bigint(20) DEFAULT NULL,
  `MEDIA_SERVER_ID` bigint(20) DEFAULT NULL,
  `USER_PROXY_SERVER_ID` bigint(20) DEFAULT NULL,
  `DEVICE_TYPE` varchar(20) DEFAULT '6',
  `DOMAIN_IP` bigint(20) DEFAULT NULL,
  `DOMAIN_PORT` bigint(20) DEFAULT NULL,
  `REGION` bigint(20) DEFAULT NULL,
  `SOURCE` varchar(255) DEFAULT NULL COMMENT '下级平台来源',
  `REMARK` varchar(255) DEFAULT NULL COMMENT '备注',
  PRIMARY KEY (`ID`) USING BTREE,
  UNIQUE KEY `id_ip_address` (`IP_ADDRESS`) USING BTREE COMMENT '终端ip唯一索引'
) ENGINE=InnoDB DEFAULT CHARSET=utf8mb4;

-- ----------------------------
-- Table structure for busi_client_user
-- ----------------------------
CREATE TABLE `busi_client_user` (
  `ID` bigint(20) NOT NULL,
  `USERNAME` varchar(50) DEFAULT NULL COMMENT '用户名',
  `STATUS` varchar(20) NOT NULL COMMENT '状态',
  `CREATE_TIME` datetime NOT NULL COMMENT '创建时间',
  `UPDATE_TIME` datetime NOT NULL COMMENT '更新时间',
  `SOURCE` varchar(255) DEFAULT NULL COMMENT '下级平台来源',
  PRIMARY KEY (`ID`) USING BTREE,
  UNIQUE KEY `id_username` (`USERNAME`) USING BTREE COMMENT '客户端用户唯一索引'
) ENGINE=InnoDB DEFAULT CHARSET=utf8mb4;

-- ----------------------------
-- Table structure for busi_external_device
-- ----------------------------
CREATE TABLE `busi_external_device` (
  `ID` bigint(20) NOT NULL,
  `DEVICE_ID` varchar(100) DEFAULT NULL COMMENT '设备ID',
  `DEVICE_NAME` varchar(100) DEFAULT NULL COMMENT '设备名称',
  `DOMAIN_ID` varchar(100) DEFAULT NULL COMMENT '组织ID',
  `GB_ID` varchar(100) DEFAULT NULL COMMENT '国标ID',
  `IP_ADDRESS` varchar(20) DEFAULT NULL COMMENT '设备IP',
  `MANUFACTURER` varchar(200) DEFAULT NULL COMMENT '设备厂商',
  `LONGITUDE` varchar(20) DEFAULT NULL COMMENT '经度',
  `LATITUDE` varchar(20) DEFAULT NULL COMMENT '纬度',
  `CREATE_TIME` datetime DEFAULT NULL,
  `UPDATE_TIME` datetime DEFAULT NULL,
  `DEVICE_ALIAS` varchar(512) DEFAULT NULL COMMENT '别名',
  KEY `BUSI_EXTERNAL_DEVICE_DEVICE_ID` (`DEVICE_ID`) USING BTREE,
  KEY `BUSI_EXTERNAL_DEVICE_GB_ID` (`GB_ID`) USING BTREE
) ENGINE=InnoDB DEFAULT CHARSET=utf8mb4;

-- ----------------------------
-- Table structure for busi_http_config
-- ----------------------------
CREATE TABLE `busi_http_config` (
  `id` bigint(20) NOT NULL AUTO_INCREMENT COMMENT 'id',
  `configName` varchar(255) DEFAULT NULL COMMENT '阈值名称',
  `configValue` varchar(255) DEFAULT NULL COMMENT '阈值值',
  `event_level` varchar(20) DEFAULT NULL COMMENT '告警等级',
  `update_time` datetime DEFAULT NULL COMMENT '最近更新时间',
  `on_work` tinyint(1) DEFAULT NULL COMMENT '是否开启该告警(0:关闭;1:开启)',
  PRIMARY KEY (`id`) USING BTREE
) ENGINE=InnoDB DEFAULT CHARSET=utf8mb4;

-- ----------------------------
-- Table structure for busi_http_event
-- ----------------------------
CREATE TABLE `busi_http_event` (
  `id` bigint(20) NOT NULL AUTO_INCREMENT COMMENT 'id',
  `http_url` varchar(4000) DEFAULT NULL COMMENT '访问地址',
  `ip_address` bigint(20) DEFAULT NULL COMMENT '终端IP',
  `event_source` varchar(255) DEFAULT NULL COMMENT '事件来源',
  `http_status` varchar(255) DEFAULT NULL COMMENT '接口执行状态',
  `event_level` varchar(20) DEFAULT NULL COMMENT '告警等级',
  `event_status` tinyint(1) DEFAULT NULL COMMENT '告警状态',
  `http_response_time` varchar(50) DEFAULT NULL COMMENT '响应时长(ms)',
  `http_stamp` datetime DEFAULT NULL COMMENT '接口数据时间',
  `start_time` datetime DEFAULT NULL COMMENT '告警事件生成时间',
  `update_time` datetime DEFAULT NULL COMMENT '告警事件更新时间',
  PRIMARY KEY (`id`) USING BTREE
) ENGINE=InnoDB AUTO_INCREMENT=19489 DEFAULT CHARSET=utf8mb4;

-- ----------------------------
-- Table structure for busi_http_perf
-- ----------------------------
CREATE TABLE `busi_http_perf` (
  `id` bigint(20) NOT NULL AUTO_INCREMENT,
  `src_ip` bigint(20) NOT NULL COMMENT '源ip',
  `src_port` varchar(255) DEFAULT NULL COMMENT '源端口',
  `http_response_time` varchar(50) DEFAULT NULL COMMENT '响应时间',
  `data_size` varchar(50) DEFAULT NULL COMMENT '包大小',
  `content` varchar(4000) DEFAULT NULL COMMENT '包内容',
  `dst_ip` bigint(20) DEFAULT NULL COMMENT '目的ip',
  `dst_port` varchar(50) DEFAULT NULL COMMENT '目的端口',
  `http_url` varchar(4000) DEFAULT NULL COMMENT '访问地址',
  `http_status` varchar(255) DEFAULT NULL COMMENT '响应状态',
--   `request_parameter` varchar(1000) DEFAULT NULL COMMENT '请求参数',
--   `response_parameter` varchar(1000) DEFAULT NULL COMMENT '响应参数',
  `update_time` datetime DEFAULT NULL COMMENT '更新时间',
  `stamp` datetime DEFAULT NULL COMMENT '创建时间',
  PRIMARY KEY (`id`) USING BTREE
) ENGINE=InnoDB AUTO_INCREMENT=680212 DEFAULT CHARSET=utf8mb4;

-- ----------------------------
-- Table structure for busi_login_info
-- ----------------------------
CREATE TABLE `busi_login_info` (
  `ID` bigint(20) NOT NULL AUTO_INCREMENT,
  `SRC_IP` bigint(20) DEFAULT NULL,
  `SRC_MAC` varchar(50) DEFAULT NULL,
  `SRC_PORT` bigint(20) DEFAULT NULL,
  `DST_IP` bigint(20) DEFAULT NULL,
  `DST_MAC` varchar(50) DEFAULT NULL,
  `DST_PORT` bigint(20) DEFAULT NULL,
  `USERNAME` varchar(50) DEFAULT NULL,
  `STAMP` datetime DEFAULT NULL COMMENT '时间',
  `SRC_CODE` varchar(50) DEFAULT NULL,
  PRIMARY KEY (`ID`) USING BTREE,
  KEY `BUSI_LOGIN_INFO` (`STAMP`) USING BTREE
) ENGINE=InnoDB DEFAULT CHARSET=utf8mb4;

-- ----------------------------
-- Table structure for busi_oper
-- ----------------------------
CREATE TABLE `busi_oper` (
  `ID` bigint(20) NOT NULL AUTO_INCREMENT,
  `CLIENT_ID` bigint(20) DEFAULT NULL COMMENT '客户端ID',
  `SRC_CODE` varchar(32) DEFAULT NULL COMMENT '源设备编码',
  `SRC_IP` bigint(20) DEFAULT NULL COMMENT '源IP',
  `SRC_PORT` bigint(20) DEFAULT NULL COMMENT '源端口',
  `SRC_MAC` varchar(32) DEFAULT NULL COMMENT '源MAC',
  `USERNAME` varchar(50) DEFAULT NULL COMMENT '用户名',
  `CAMERA_ID` bigint(20) DEFAULT NULL COMMENT '摄像头ID',
  `DST_CODE` varchar(50) DEFAULT NULL COMMENT '目的设备编码',
  `DST_IP` bigint(20) DEFAULT NULL COMMENT '目的IP',
  `DST_PORT` bigint(20) DEFAULT NULL COMMENT '目的端口',
  `DST_MAC` varchar(32) DEFAULT NULL COMMENT '目的MAC',
  `ACTION` tinyint(2) NOT NULL COMMENT '操作类型',
  `ACTION_DETAIL` bigint(20) DEFAULT NULL COMMENT '操作详细类型',
  `STAMP` datetime NOT NULL COMMENT '操作时间',
  `CONTENT` varchar(4000) NOT NULL COMMENT '内容',
  `SESSION_ID` bigint(20) DEFAULT NULL COMMENT '会话ID',
  `RESULT` varchar(20) DEFAULT NULL,
  `UP_FLOW` bigint(20) DEFAULT NULL,
  `DOWN_FLOW` bigint(20) DEFAULT NULL,
  `CALL_ID` varchar(200) DEFAULT NULL,
  `DST_DEVICE_NAME` varchar(100) DEFAULT NULL,
  `DST_DEVICE_IP` bigint(20) DEFAULT NULL,
  `UUID` varchar(200) DEFAULT NULL,
  `START_STAMP` datetime DEFAULT NULL COMMENT '开始时间',
  `END_STAMP` datetime DEFAULT NULL COMMENT '结束时间',
  `PLATFORM_KEY` varchar(200) DEFAULT NULL,
  `TRANSFERED` tinyint(1) DEFAULT NULL,
  `CONNECT_TYPE` bigint(20) DEFAULT NULL COMMENT '连接类型1：非直联；2：直联',
  `FILE_URL` varchar(255) DEFAULT NULL COMMENT '回放下载的地址',
  `BIT_RATE` varchar(255) DEFAULT NULL COMMENT '码率',
--   `PROBE_HD_INFO` varchar(255) DEFAULT NULL COMMENT '探针机器码',
--   `OPER_START` datetime DEFAULT NULL COMMENT '动作开始时间',
--   `OPER_END` datetime DEFAULT NULL COMMENT '动作结束时间',
--   `RELATION_OPER_UUID` varchar(255) DEFAULT NULL COMMENT '相关操作行为uuid',
  PRIMARY KEY (`ID`,`STAMP`) USING BTREE,
  KEY `STAMP_INDEX` (`STAMP`) USING BTREE,
  KEY `DST_CODE_INDEX` (`DST_CODE`) USING BTREE,
  KEY `SESSION_ID_INDEX` (`SESSION_ID`) USING BTREE,
  KEY `ACTION` (`ACTION`) USING BTREE,
  KEY `SRC_IP` (`SRC_IP`) USING BTREE,
  KEY `USERNAME` (`USERNAME`) USING BTREE
) ENGINE=InnoDB AUTO_INCREMENT=94735955 DEFAULT CHARSET=utf8mb4 ROW_FORMAT=DYNAMIC
/*!50100 PARTITION BY RANGE (TO_DAYS(stamp))
(PARTITION old VALUES LESS THAN (737868) ENGINE = InnoDB,
 PARTITION p20210114 VALUES LESS THAN (738170) ENGINE = InnoDB,
 PARTITION p20210115 VALUES LESS THAN (738171) ENGINE = InnoDB,
 PARTITION p20210116 VALUES LESS THAN (738172) ENGINE = InnoDB,
 PARTITION p20210117 VALUES LESS THAN (738173) ENGINE = InnoDB,
 PARTITION p20210118 VALUES LESS THAN (738174) ENGINE = InnoDB,
 PARTITION p20210119 VALUES LESS THAN (738175) ENGINE = InnoDB,
 PARTITION p20210120 VALUES LESS THAN (738176) ENGINE = InnoDB,
 PARTITION p20210121 VALUES LESS THAN (738177) ENGINE = InnoDB,
 PARTITION p20210122 VALUES LESS THAN (738178) ENGINE = InnoDB,
 PARTITION p20210123 VALUES LESS THAN (738179) ENGINE = InnoDB,
 PARTITION p20210124 VALUES LESS THAN (738180) ENGINE = InnoDB,
 PARTITION p20210125 VALUES LESS THAN (738181) ENGINE = InnoDB,
 PARTITION p20210126 VALUES LESS THAN (738182) ENGINE = InnoDB,
 PARTITION p20210127 VALUES LESS THAN (738183) ENGINE = InnoDB,
 PARTITION p20210128 VALUES LESS THAN (738184) ENGINE = InnoDB,
 PARTITION p20210129 VALUES LESS THAN (738185) ENGINE = InnoDB,
 PARTITION p20210130 VALUES LESS THAN (738186) ENGINE = InnoDB,
 PARTITION p20210131 VALUES LESS THAN (738187) ENGINE = InnoDB,
 PARTITION p20210201 VALUES LESS THAN (738188) ENGINE = InnoDB,
 PARTITION p20210207 VALUES LESS THAN (738194) ENGINE = InnoDB,
 PARTITION p20210208 VALUES LESS THAN (738195) ENGINE = InnoDB,
 PARTITION p20210209 VALUES LESS THAN (738196) ENGINE = InnoDB,
 PARTITION p20210210 VALUES LESS THAN (738197) ENGINE = InnoDB,
 PARTITION p20210211 VALUES LESS THAN (738198) ENGINE = InnoDB,
 PARTITION p20210212 VALUES LESS THAN (738199) ENGINE = InnoDB,
 PARTITION p20210213 VALUES LESS THAN (738200) ENGINE = InnoDB,
 PARTITION p20210214 VALUES LESS THAN (738201) ENGINE = InnoDB,
 PARTITION p20210215 VALUES LESS THAN (738202) ENGINE = InnoDB,
 PARTITION p20210216 VALUES LESS THAN (738203) ENGINE = InnoDB,
 PARTITION p20210217 VALUES LESS THAN (738204) ENGINE = InnoDB,
 PARTITION p20210218 VALUES LESS THAN (738205) ENGINE = InnoDB,
 PARTITION p20210219 VALUES LESS THAN (738206) ENGINE = InnoDB,
 PARTITION p20210220 VALUES LESS THAN (738207) ENGINE = InnoDB,
 PARTITION p20210221 VALUES LESS THAN (738208) ENGINE = InnoDB,
 PARTITION p20210222 VALUES LESS THAN (738209) ENGINE = InnoDB,
 PARTITION p20210223 VALUES LESS THAN (738210) ENGINE = InnoDB,
 PARTITION p20210224 VALUES LESS THAN (738211) ENGINE = InnoDB,
 PARTITION p20210225 VALUES LESS THAN (738212) ENGINE = InnoDB,
 PARTITION p20210226 VALUES LESS THAN (738213) ENGINE = InnoDB,
 PARTITION p20210227 VALUES LESS THAN (738214) ENGINE = InnoDB,
 PARTITION p20210228 VALUES LESS THAN (738215) ENGINE = InnoDB,
 PARTITION p20210301 VALUES LESS THAN (738216) ENGINE = InnoDB,
 PARTITION p20210302 VALUES LESS THAN (738217) ENGINE = InnoDB,
 PARTITION p20210303 VALUES LESS THAN (738218) ENGINE = InnoDB,
 PARTITION p20210304 VALUES LESS THAN (738219) ENGINE = InnoDB,
 PARTITION p20210305 VALUES LESS THAN (738220) ENGINE = InnoDB,
 PARTITION p20210306 VALUES LESS THAN (738221) ENGINE = InnoDB,
 PARTITION p20210307 VALUES LESS THAN (738222) ENGINE = InnoDB,
 PARTITION p20210308 VALUES LESS THAN (738223) ENGINE = InnoDB,
 PARTITION p20210309 VALUES LESS THAN (738224) ENGINE = InnoDB,
 PARTITION p20210310 VALUES LESS THAN (738225) ENGINE = InnoDB,
 PARTITION p20210311 VALUES LESS THAN (738226) ENGINE = InnoDB,
 PARTITION p20210312 VALUES LESS THAN (738227) ENGINE = InnoDB,
 PARTITION p20210313 VALUES LESS THAN (738228) ENGINE = InnoDB,
 PARTITION p20210314 VALUES LESS THAN (738229) ENGINE = InnoDB,
 PARTITION p20210315 VALUES LESS THAN (738230) ENGINE = InnoDB,
 PARTITION p20210316 VALUES LESS THAN (738231) ENGINE = InnoDB,
 PARTITION p20210317 VALUES LESS THAN (738232) ENGINE = InnoDB,
 PARTITION p20210318 VALUES LESS THAN (738233) ENGINE = InnoDB,
 PARTITION p20210319 VALUES LESS THAN (738234) ENGINE = InnoDB,
 PARTITION p20210320 VALUES LESS THAN (738235) ENGINE = InnoDB,
 PARTITION p20210321 VALUES LESS THAN (738236) ENGINE = InnoDB,
 PARTITION p20210322 VALUES LESS THAN (738237) ENGINE = InnoDB,
 PARTITION p20210323 VALUES LESS THAN (738238) ENGINE = InnoDB,
 PARTITION p20210324 VALUES LESS THAN (738239) ENGINE = InnoDB,
 PARTITION p20210325 VALUES LESS THAN (738240) ENGINE = InnoDB,
 PARTITION p20210326 VALUES LESS THAN (738241) ENGINE = InnoDB,
 PARTITION p20210327 VALUES LESS THAN (738242) ENGINE = InnoDB,
 PARTITION p20210328 VALUES LESS THAN (738243) ENGINE = InnoDB,
 PARTITION p20210329 VALUES LESS THAN (738244) ENGINE = InnoDB,
 PARTITION p20210330 VALUES LESS THAN (738245) ENGINE = InnoDB,
 PARTITION p20210331 VALUES LESS THAN (738246) ENGINE = InnoDB,
 PARTITION p20210401 VALUES LESS THAN (738247) ENGINE = InnoDB,
 PARTITION p20210402 VALUES LESS THAN (738248) ENGINE = InnoDB,
 PARTITION p20210403 VALUES LESS THAN (738249) ENGINE = InnoDB,
 PARTITION p20210404 VALUES LESS THAN (738250) ENGINE = InnoDB,
 PARTITION p20210405 VALUES LESS THAN (738251) ENGINE = InnoDB,
 PARTITION p20210406 VALUES LESS THAN (738252) ENGINE = InnoDB,
 PARTITION p20210407 VALUES LESS THAN (738253) ENGINE = InnoDB,
 PARTITION p20210408 VALUES LESS THAN (738254) ENGINE = InnoDB,
 PARTITION p20210409 VALUES LESS THAN (738255) ENGINE = InnoDB,
 PARTITION p20210410 VALUES LESS THAN (738256) ENGINE = InnoDB,
 PARTITION p20210412 VALUES LESS THAN (738258) ENGINE = InnoDB,
 PARTITION p20210413 VALUES LESS THAN (738259) ENGINE = InnoDB,
 PARTITION p20210414 VALUES LESS THAN (738260) ENGINE = InnoDB,
 PARTITION p20210415 VALUES LESS THAN (738261) ENGINE = InnoDB,
 PARTITION p20210416 VALUES LESS THAN (738262) ENGINE = InnoDB,
 PARTITION p20210417 VALUES LESS THAN (738263) ENGINE = InnoDB,
 PARTITION p20210418 VALUES LESS THAN (738264) ENGINE = InnoDB,
 PARTITION p20210419 VALUES LESS THAN (738265) ENGINE = InnoDB,
 PARTITION p20210420 VALUES LESS THAN (738266) ENGINE = InnoDB,
 PARTITION p20210421 VALUES LESS THAN (738267) ENGINE = InnoDB,
 PARTITION p20210422 VALUES LESS THAN (738268) ENGINE = InnoDB,
 PARTITION p20210423 VALUES LESS THAN (738269) ENGINE = InnoDB,
 PARTITION p20210424 VALUES LESS THAN (738270) ENGINE = InnoDB,
 PARTITION p20210425 VALUES LESS THAN (738271) ENGINE = InnoDB,
 PARTITION p20210426 VALUES LESS THAN (738272) ENGINE = InnoDB,
 PARTITION p20210427 VALUES LESS THAN (738273) ENGINE = InnoDB,
 PARTITION p20210428 VALUES LESS THAN (738274) ENGINE = InnoDB,
 PARTITION p20210429 VALUES LESS THAN (738275) ENGINE = InnoDB,
 PARTITION p20210430 VALUES LESS THAN (738276) ENGINE = InnoDB,
 PARTITION p20210501 VALUES LESS THAN (738277) ENGINE = InnoDB,
 PARTITION p20210502 VALUES LESS THAN (738278) ENGINE = InnoDB,
 PARTITION p20210503 VALUES LESS THAN (738279) ENGINE = InnoDB,
 PARTITION p20210504 VALUES LESS THAN (738280) ENGINE = InnoDB,
 PARTITION p20210505 VALUES LESS THAN (738281) ENGINE = InnoDB,
 PARTITION p20210506 VALUES LESS THAN (738282) ENGINE = InnoDB,
 PARTITION p20210507 VALUES LESS THAN (738283) ENGINE = InnoDB,
 PARTITION p20210508 VALUES LESS THAN (738284) ENGINE = InnoDB,
 PARTITION p20210509 VALUES LESS THAN (738285) ENGINE = InnoDB,
 PARTITION p20210510 VALUES LESS THAN (738286) ENGINE = InnoDB,
 PARTITION p20210511 VALUES LESS THAN (738287) ENGINE = InnoDB,
 PARTITION p20210512 VALUES LESS THAN (738288) ENGINE = InnoDB,
 PARTITION p20210513 VALUES LESS THAN (738289) ENGINE = InnoDB,
 PARTITION p20210514 VALUES LESS THAN (738290) ENGINE = InnoDB,
 PARTITION p20210515 VALUES LESS THAN (738291) ENGINE = InnoDB,
 PARTITION p20210516 VALUES LESS THAN (738292) ENGINE = InnoDB,
 PARTITION p20210517 VALUES LESS THAN (738293) ENGINE = InnoDB,
 PARTITION p20210518 VALUES LESS THAN (738294) ENGINE = InnoDB,
 PARTITION p20210519 VALUES LESS THAN (738295) ENGINE = InnoDB,
 PARTITION p20210520 VALUES LESS THAN (738296) ENGINE = InnoDB,
 PARTITION p20210521 VALUES LESS THAN (738297) ENGINE = InnoDB,
 PARTITION p20210522 VALUES LESS THAN (738298) ENGINE = InnoDB,
 PARTITION p20210523 VALUES LESS THAN (738299) ENGINE = InnoDB,
 PARTITION p20210524 VALUES LESS THAN (738300) ENGINE = InnoDB,
 PARTITION p20210525 VALUES LESS THAN (738301) ENGINE = InnoDB,
 PARTITION p20210526 VALUES LESS THAN (738302) ENGINE = InnoDB,
 PARTITION p20210527 VALUES LESS THAN (738303) ENGINE = InnoDB,
 PARTITION p20210528 VALUES LESS THAN (738304) ENGINE = InnoDB,
 PARTITION p20210529 VALUES LESS THAN (738305) ENGINE = InnoDB,
 PARTITION p20210530 VALUES LESS THAN (738306) ENGINE = InnoDB,
 PARTITION p20210531 VALUES LESS THAN (738307) ENGINE = InnoDB,
 PARTITION p20210601 VALUES LESS THAN (738308) ENGINE = InnoDB,
 PARTITION p20210602 VALUES LESS THAN (738309) ENGINE = InnoDB,
 PARTITION p20210603 VALUES LESS THAN (738310) ENGINE = InnoDB,
 PARTITION p20210604 VALUES LESS THAN (738311) ENGINE = InnoDB,
 PARTITION p20210605 VALUES LESS THAN (738312) ENGINE = InnoDB,
 PARTITION p20210606 VALUES LESS THAN (738313) ENGINE = InnoDB,
 PARTITION p20210607 VALUES LESS THAN (738314) ENGINE = InnoDB,
 PARTITION p20210608 VALUES LESS THAN (738315) ENGINE = InnoDB,
 PARTITION p20210609 VALUES LESS THAN (738316) ENGINE = InnoDB,
 PARTITION p20210610 VALUES LESS THAN (738317) ENGINE = InnoDB,
 PARTITION p20210611 VALUES LESS THAN (738318) ENGINE = InnoDB,
 PARTITION p20210612 VALUES LESS THAN (738319) ENGINE = InnoDB,
 PARTITION p20210613 VALUES LESS THAN (738320) ENGINE = InnoDB,
 PARTITION p20210614 VALUES LESS THAN (738321) ENGINE = InnoDB,
 PARTITION p20210615 VALUES LESS THAN (738322) ENGINE = InnoDB,
 PARTITION p20210616 VALUES LESS THAN (738323) ENGINE = InnoDB,
 PARTITION p20210617 VALUES LESS THAN (738324) ENGINE = InnoDB,
 PARTITION p20210618 VALUES LESS THAN (738325) ENGINE = InnoDB,
 PARTITION p20210619 VALUES LESS THAN (738326) ENGINE = InnoDB,
 PARTITION p20210620 VALUES LESS THAN (738327) ENGINE = InnoDB,
 PARTITION p20210621 VALUES LESS THAN (738328) ENGINE = InnoDB,
 PARTITION p20210622 VALUES LESS THAN (738329) ENGINE = InnoDB,
 PARTITION p20210623 VALUES LESS THAN (738330) ENGINE = InnoDB,
 PARTITION p20210624 VALUES LESS THAN (738331) ENGINE = InnoDB,
 PARTITION p20210625 VALUES LESS THAN (738332) ENGINE = InnoDB,
 PARTITION p20210626 VALUES LESS THAN (738333) ENGINE = InnoDB,
 PARTITION p20210627 VALUES LESS THAN (738334) ENGINE = InnoDB,
 PARTITION p20210628 VALUES LESS THAN (738335) ENGINE = InnoDB,
 PARTITION p20210629 VALUES LESS THAN (738336) ENGINE = InnoDB,
 PARTITION p20210630 VALUES LESS THAN (738337) ENGINE = InnoDB,
 PARTITION p20210701 VALUES LESS THAN (738338) ENGINE = InnoDB,
 PARTITION p20210702 VALUES LESS THAN (738339) ENGINE = InnoDB) */;

-- ----------------------------
-- Table structure for busi_oper_session
-- ----------------------------
DROP TABLE IF EXISTS `busi_oper_session`;
CREATE TABLE `busi_oper_session` (
  `ID` bigint(20) NOT NULL,
  `CLIENT_ID` bigint(20) NOT NULL COMMENT '客户端ID',
  `SRC_CODE` varchar(50) DEFAULT NULL COMMENT '源设备编码',
  `SRC_IP` bigint(20) DEFAULT NULL COMMENT '源IP',
  `SRC_PORT` bigint(20) DEFAULT NULL COMMENT '源端口',
  `SRC_MAC` varchar(32) DEFAULT NULL COMMENT '源MAC',
  `USERNAME` varchar(50) DEFAULT NULL COMMENT '用户名',
  `CAMERA_ID` bigint(20) DEFAULT NULL COMMENT '摄像头ID',
  `DST_CODE` varchar(50) DEFAULT NULL COMMENT '目的设备编码',
  `DST_IP` bigint(20) DEFAULT NULL COMMENT '目的IP',
  `DST_PORT` bigint(20) DEFAULT NULL COMMENT '目的端口',
  `DST_MAC` varchar(32) DEFAULT NULL COMMENT '目的MAC',
  `START_TIME` datetime NOT NULL COMMENT '会话开始时间',
  `END_TIME` datetime DEFAULT NULL COMMENT '会话结束时间',
  `UP_FLOW` bigint(20) DEFAULT NULL,
  `DOWN_FLOW` bigint(20) DEFAULT NULL,
  `TOTAL_TIME` varchar(200) DEFAULT NULL,
  `CONNECT_TYPE` int(2) DEFAULT NULL COMMENT '连接类型1：非直联；2：直联',
  `ACTIVE_TIME` datetime DEFAULT NULL COMMENT '操作时间',
  `STATUS` int(2) DEFAULT NULL COMMENT '状态1：进行；2：结束',
  PRIMARY KEY (`ID`) USING BTREE,
  KEY `BUSI_OPER_SESSION_CAMERA_ID` (`CAMERA_ID`) USING BTREE,
  KEY `BUSI_OPER_SESSION_CLIENT_ID` (`CLIENT_ID`) USING BTREE,
  KEY `BUSI_OPER_SESSION_DST_CODE` (`DST_CODE`) USING BTREE,
  KEY `BUSI_OPER_SESSION_DST_IP` (`DST_IP`) USING BTREE,
  KEY `BUSI_OPER_SESSION_SRC_CODE` (`SRC_CODE`) USING BTREE,
  KEY `BUSI_OPER_SESSION_SRC_IP` (`SRC_IP`) USING BTREE,
  KEY `BUSI_OPER_SESSION_START_TIME` (`START_TIME`) USING BTREE
) ENGINE=InnoDB DEFAULT CHARSET=utf8mb4;

-- ----------------------------
-- Table structure for busi_oper_t
-- ----------------------------
CREATE TABLE `busi_oper_t` (
  `ID` bigint(20) NOT NULL AUTO_INCREMENT,
  `CLIENT_ID` bigint(20) DEFAULT NULL COMMENT '客户端ID',
  `SRC_CODE` varchar(32) DEFAULT NULL COMMENT '源设备编码',
  `SRC_IP` bigint(20) DEFAULT NULL COMMENT '源IP',
  `SRC_PORT` bigint(20) DEFAULT NULL COMMENT '源端口',
  `SRC_MAC` varchar(32) DEFAULT NULL COMMENT '源MAC',
  `USERNAME` varchar(50) DEFAULT NULL COMMENT '用户名',
  `CAMERA_ID` bigint(20) DEFAULT NULL COMMENT '摄像头ID',
  `DST_CODE` varchar(50) DEFAULT NULL COMMENT '目的设备编码',
  `DST_IP` bigint(20) DEFAULT NULL COMMENT '目的IP',
  `DST_PORT` bigint(20) DEFAULT NULL COMMENT '目的端口',
  `DST_MAC` varchar(32) DEFAULT NULL COMMENT '目的MAC',
  `ACTION` tinyint(2) NOT NULL COMMENT '操作类型',
  `ACTION_DETAIL` bigint(20) DEFAULT NULL COMMENT '操作详细类型',
  `STAMP` datetime NOT NULL COMMENT '操作时间',
  `CONTENT` varchar(4000) NOT NULL COMMENT '内容',
  `SESSION_ID` bigint(20) DEFAULT NULL COMMENT '会话ID',
  `RESULT` varchar(20) DEFAULT NULL,
  `UP_FLOW` bigint(20) DEFAULT NULL,
  `DOWN_FLOW` bigint(20) DEFAULT NULL,
  `CALL_ID` varchar(200) DEFAULT NULL,
  `DST_DEVICE_NAME` varchar(100) DEFAULT NULL,
  `DST_DEVICE_IP` bigint(20) DEFAULT NULL,
  `UUID` varchar(200) DEFAULT NULL,
  `START_STAMP` datetime DEFAULT NULL COMMENT '开始时间',
  `END_STAMP` datetime DEFAULT NULL COMMENT '结束时间',
  `PLATFORM_KEY` varchar(200) DEFAULT NULL,
  `TRANSFERED` tinyint(1) DEFAULT NULL,
  `CONNECT_TYPE` bigint(20) DEFAULT NULL COMMENT '连接类型1：非直联；2：直联',
  `FILE_URL` varchar(255) DEFAULT NULL COMMENT '回放下载的地址',
  `BIT_RATE` varchar(255) DEFAULT NULL COMMENT '码率',
--   `PROBE_HD_INFO` varchar(255) DEFAULT NULL COMMENT '探针机器码',
--   `OPER_START` datetime DEFAULT NULL COMMENT '动作开始时间',
--   `OPER_END` datetime DEFAULT NULL COMMENT '动作结束时间',
--   `RELATION_OPER_UUID` varchar(255) NOT NULL COMMENT '相关操作行为uuid',
  PRIMARY KEY (`ID`,`STAMP`) USING BTREE,
  KEY `STAMP_INDEX` (`STAMP`) USING BTREE,
  KEY `DST_CODE_INDEX` (`DST_CODE`) USING BTREE,
  KEY `SESSION_ID_INDEX` (`SESSION_ID`) USING BTREE,
  KEY `ACTION` (`ACTION`) USING BTREE,
  KEY `SRC_IP` (`SRC_IP`) USING BTREE,
  KEY `USERNAME` (`USERNAME`) USING BTREE
) ENGINE=InnoDB DEFAULT CHARSET=utf8mb4 ROW_FORMAT=DYNAMIC
/*!50100 PARTITION BY RANGE (TO_DAYS(stamp))
(PARTITION old VALUES LESS THAN (737868) ENGINE = InnoDB,
 PARTITION p20210114 VALUES LESS THAN (738170) ENGINE = InnoDB,
 PARTITION p20210115 VALUES LESS THAN (738171) ENGINE = InnoDB,
 PARTITION p20210116 VALUES LESS THAN (738172) ENGINE = InnoDB,
 PARTITION p20210117 VALUES LESS THAN (738173) ENGINE = InnoDB,
 PARTITION p20210118 VALUES LESS THAN (738174) ENGINE = InnoDB,
 PARTITION p20210119 VALUES LESS THAN (738175) ENGINE = InnoDB,
 PARTITION p20210120 VALUES LESS THAN (738176) ENGINE = InnoDB,
 PARTITION p20210121 VALUES LESS THAN (738177) ENGINE = InnoDB,
 PARTITION p20210122 VALUES LESS THAN (738178) ENGINE = InnoDB,
 PARTITION p20210123 VALUES LESS THAN (738179) ENGINE = InnoDB,
 PARTITION p20210124 VALUES LESS THAN (738180) ENGINE = InnoDB,
 PARTITION p20210125 VALUES LESS THAN (738181) ENGINE = InnoDB,
 PARTITION p20210126 VALUES LESS THAN (738182) ENGINE = InnoDB,
 PARTITION p20210127 VALUES LESS THAN (738183) ENGINE = InnoDB,
 PARTITION p20210128 VALUES LESS THAN (738184) ENGINE = InnoDB,
 PARTITION p20210129 VALUES LESS THAN (738185) ENGINE = InnoDB,
 PARTITION p20210130 VALUES LESS THAN (738186) ENGINE = InnoDB,
 PARTITION p20210131 VALUES LESS THAN (738187) ENGINE = InnoDB,
 PARTITION p20210201 VALUES LESS THAN (738188) ENGINE = InnoDB,
 PARTITION p20210207 VALUES LESS THAN (738194) ENGINE = InnoDB,
 PARTITION p20210208 VALUES LESS THAN (738195) ENGINE = InnoDB,
 PARTITION p20210209 VALUES LESS THAN (738196) ENGINE = InnoDB,
 PARTITION p20210210 VALUES LESS THAN (738197) ENGINE = InnoDB,
 PARTITION p20210211 VALUES LESS THAN (738198) ENGINE = InnoDB,
 PARTITION p20210212 VALUES LESS THAN (738199) ENGINE = InnoDB,
 PARTITION p20210213 VALUES LESS THAN (738200) ENGINE = InnoDB,
 PARTITION p20210214 VALUES LESS THAN (738201) ENGINE = InnoDB,
 PARTITION p20210215 VALUES LESS THAN (738202) ENGINE = InnoDB,
 PARTITION p20210216 VALUES LESS THAN (738203) ENGINE = InnoDB,
 PARTITION p20210217 VALUES LESS THAN (738204) ENGINE = InnoDB,
 PARTITION p20210218 VALUES LESS THAN (738205) ENGINE = InnoDB,
 PARTITION p20210219 VALUES LESS THAN (738206) ENGINE = InnoDB,
 PARTITION p20210220 VALUES LESS THAN (738207) ENGINE = InnoDB,
 PARTITION p20210221 VALUES LESS THAN (738208) ENGINE = InnoDB,
 PARTITION p20210222 VALUES LESS THAN (738209) ENGINE = InnoDB,
 PARTITION p20210223 VALUES LESS THAN (738210) ENGINE = InnoDB,
 PARTITION p20210224 VALUES LESS THAN (738211) ENGINE = InnoDB,
 PARTITION p20210225 VALUES LESS THAN (738212) ENGINE = InnoDB,
 PARTITION p20210226 VALUES LESS THAN (738213) ENGINE = InnoDB,
 PARTITION p20210227 VALUES LESS THAN (738214) ENGINE = InnoDB,
 PARTITION p20210228 VALUES LESS THAN (738215) ENGINE = InnoDB,
 PARTITION p20210301 VALUES LESS THAN (738216) ENGINE = InnoDB,
 PARTITION p20210302 VALUES LESS THAN (738217) ENGINE = InnoDB,
 PARTITION p20210303 VALUES LESS THAN (738218) ENGINE = InnoDB,
 PARTITION p20210304 VALUES LESS THAN (738219) ENGINE = InnoDB,
 PARTITION p20210305 VALUES LESS THAN (738220) ENGINE = InnoDB,
 PARTITION p20210306 VALUES LESS THAN (738221) ENGINE = InnoDB,
 PARTITION p20210307 VALUES LESS THAN (738222) ENGINE = InnoDB,
 PARTITION p20210308 VALUES LESS THAN (738223) ENGINE = InnoDB,
 PARTITION p20210309 VALUES LESS THAN (738224) ENGINE = InnoDB,
 PARTITION p20210310 VALUES LESS THAN (738225) ENGINE = InnoDB,
 PARTITION p20210311 VALUES LESS THAN (738226) ENGINE = InnoDB,
 PARTITION p20210312 VALUES LESS THAN (738227) ENGINE = InnoDB,
 PARTITION p20210313 VALUES LESS THAN (738228) ENGINE = InnoDB,
 PARTITION p20210314 VALUES LESS THAN (738229) ENGINE = InnoDB,
 PARTITION p20210315 VALUES LESS THAN (738230) ENGINE = InnoDB,
 PARTITION p20210316 VALUES LESS THAN (738231) ENGINE = InnoDB,
 PARTITION p20210317 VALUES LESS THAN (738232) ENGINE = InnoDB,
 PARTITION p20210318 VALUES LESS THAN (738233) ENGINE = InnoDB,
 PARTITION p20210319 VALUES LESS THAN (738234) ENGINE = InnoDB,
 PARTITION p20210320 VALUES LESS THAN (738235) ENGINE = InnoDB,
 PARTITION p20210321 VALUES LESS THAN (738236) ENGINE = InnoDB,
 PARTITION p20210322 VALUES LESS THAN (738237) ENGINE = InnoDB,
 PARTITION p20210323 VALUES LESS THAN (738238) ENGINE = InnoDB,
 PARTITION p20210324 VALUES LESS THAN (738239) ENGINE = InnoDB,
 PARTITION p20210325 VALUES LESS THAN (738240) ENGINE = InnoDB,
 PARTITION p20210326 VALUES LESS THAN (738241) ENGINE = InnoDB,
 PARTITION p20210327 VALUES LESS THAN (738242) ENGINE = InnoDB,
 PARTITION p20210328 VALUES LESS THAN (738243) ENGINE = InnoDB,
 PARTITION p20210329 VALUES LESS THAN (738244) ENGINE = InnoDB,
 PARTITION p20210330 VALUES LESS THAN (738245) ENGINE = InnoDB,
 PARTITION p20210331 VALUES LESS THAN (738246) ENGINE = InnoDB,
 PARTITION p20210401 VALUES LESS THAN (738247) ENGINE = InnoDB,
 PARTITION p20210402 VALUES LESS THAN (738248) ENGINE = InnoDB,
 PARTITION p20210403 VALUES LESS THAN (738249) ENGINE = InnoDB,
 PARTITION p20210404 VALUES LESS THAN (738250) ENGINE = InnoDB,
 PARTITION p20210405 VALUES LESS THAN (738251) ENGINE = InnoDB,
 PARTITION p20210406 VALUES LESS THAN (738252) ENGINE = InnoDB,
 PARTITION p20210407 VALUES LESS THAN (738253) ENGINE = InnoDB,
 PARTITION p20210408 VALUES LESS THAN (738254) ENGINE = InnoDB,
 PARTITION p20210409 VALUES LESS THAN (738255) ENGINE = InnoDB,
 PARTITION p20210410 VALUES LESS THAN (738256) ENGINE = InnoDB,
 PARTITION p20210412 VALUES LESS THAN (738258) ENGINE = InnoDB,
 PARTITION p20210413 VALUES LESS THAN (738259) ENGINE = InnoDB,
 PARTITION p20210414 VALUES LESS THAN (738260) ENGINE = InnoDB,
 PARTITION p20210415 VALUES LESS THAN (738261) ENGINE = InnoDB,
 PARTITION p20210416 VALUES LESS THAN (738262) ENGINE = InnoDB,
 PARTITION p20210417 VALUES LESS THAN (738263) ENGINE = InnoDB,
 PARTITION p20210418 VALUES LESS THAN (738264) ENGINE = InnoDB,
 PARTITION p20210419 VALUES LESS THAN (738265) ENGINE = InnoDB,
 PARTITION p20210420 VALUES LESS THAN (738266) ENGINE = InnoDB,
 PARTITION p20210421 VALUES LESS THAN (738267) ENGINE = InnoDB,
 PARTITION p20210422 VALUES LESS THAN (738268) ENGINE = InnoDB,
 PARTITION p20210423 VALUES LESS THAN (738269) ENGINE = InnoDB,
 PARTITION p20210424 VALUES LESS THAN (738270) ENGINE = InnoDB,
 PARTITION p20210425 VALUES LESS THAN (738271) ENGINE = InnoDB,
 PARTITION p20210426 VALUES LESS THAN (738272) ENGINE = InnoDB,
 PARTITION p20210427 VALUES LESS THAN (738273) ENGINE = InnoDB,
 PARTITION p20210428 VALUES LESS THAN (738274) ENGINE = InnoDB,
 PARTITION p20210429 VALUES LESS THAN (738275) ENGINE = InnoDB,
 PARTITION p20210430 VALUES LESS THAN (738276) ENGINE = InnoDB,
 PARTITION p20210501 VALUES LESS THAN (738277) ENGINE = InnoDB,
 PARTITION p20210502 VALUES LESS THAN (738278) ENGINE = InnoDB,
 PARTITION p20210503 VALUES LESS THAN (738279) ENGINE = InnoDB,
 PARTITION p20210504 VALUES LESS THAN (738280) ENGINE = InnoDB,
 PARTITION p20210505 VALUES LESS THAN (738281) ENGINE = InnoDB,
 PARTITION p20210506 VALUES LESS THAN (738282) ENGINE = InnoDB,
 PARTITION p20210507 VALUES LESS THAN (738283) ENGINE = InnoDB,
 PARTITION p20210508 VALUES LESS THAN (738284) ENGINE = InnoDB,
 PARTITION p20210509 VALUES LESS THAN (738285) ENGINE = InnoDB,
 PARTITION p20210510 VALUES LESS THAN (738286) ENGINE = InnoDB,
 PARTITION p20210511 VALUES LESS THAN (738287) ENGINE = InnoDB,
 PARTITION p20210512 VALUES LESS THAN (738288) ENGINE = InnoDB,
 PARTITION p20210513 VALUES LESS THAN (738289) ENGINE = InnoDB,
 PARTITION p20210514 VALUES LESS THAN (738290) ENGINE = InnoDB,
 PARTITION p20210515 VALUES LESS THAN (738291) ENGINE = InnoDB,
 PARTITION p20210516 VALUES LESS THAN (738292) ENGINE = InnoDB,
 PARTITION p20210517 VALUES LESS THAN (738293) ENGINE = InnoDB,
 PARTITION p20210518 VALUES LESS THAN (738294) ENGINE = InnoDB,
 PARTITION p20210519 VALUES LESS THAN (738295) ENGINE = InnoDB,
 PARTITION p20210520 VALUES LESS THAN (738296) ENGINE = InnoDB,
 PARTITION p20210521 VALUES LESS THAN (738297) ENGINE = InnoDB,
 PARTITION p20210522 VALUES LESS THAN (738298) ENGINE = InnoDB,
 PARTITION p20210523 VALUES LESS THAN (738299) ENGINE = InnoDB,
 PARTITION p20210524 VALUES LESS THAN (738300) ENGINE = InnoDB,
 PARTITION p20210525 VALUES LESS THAN (738301) ENGINE = InnoDB,
 PARTITION p20210526 VALUES LESS THAN (738302) ENGINE = InnoDB,
 PARTITION p20210527 VALUES LESS THAN (738303) ENGINE = InnoDB,
 PARTITION p20210528 VALUES LESS THAN (738304) ENGINE = InnoDB,
 PARTITION p20210529 VALUES LESS THAN (738305) ENGINE = InnoDB,
 PARTITION p20210530 VALUES LESS THAN (738306) ENGINE = InnoDB,
 PARTITION p20210531 VALUES LESS THAN (738307) ENGINE = InnoDB,
 PARTITION p20210601 VALUES LESS THAN (738308) ENGINE = InnoDB,
 PARTITION p20210602 VALUES LESS THAN (738309) ENGINE = InnoDB,
 PARTITION p20210603 VALUES LESS THAN (738310) ENGINE = InnoDB,
 PARTITION p20210604 VALUES LESS THAN (738311) ENGINE = InnoDB,
 PARTITION p20210605 VALUES LESS THAN (738312) ENGINE = InnoDB,
 PARTITION p20210606 VALUES LESS THAN (738313) ENGINE = InnoDB,
 PARTITION p20210607 VALUES LESS THAN (738314) ENGINE = InnoDB,
 PARTITION p20210608 VALUES LESS THAN (738315) ENGINE = InnoDB,
 PARTITION p20210609 VALUES LESS THAN (738316) ENGINE = InnoDB,
 PARTITION p20210610 VALUES LESS THAN (738317) ENGINE = InnoDB,
 PARTITION p20210611 VALUES LESS THAN (738318) ENGINE = InnoDB,
 PARTITION p20210612 VALUES LESS THAN (738319) ENGINE = InnoDB,
 PARTITION p20210613 VALUES LESS THAN (738320) ENGINE = InnoDB,
 PARTITION p20210614 VALUES LESS THAN (738321) ENGINE = InnoDB,
 PARTITION p20210615 VALUES LESS THAN (738322) ENGINE = InnoDB,
 PARTITION p20210616 VALUES LESS THAN (738323) ENGINE = InnoDB,
 PARTITION p20210617 VALUES LESS THAN (738324) ENGINE = InnoDB,
 PARTITION p20210618 VALUES LESS THAN (738325) ENGINE = InnoDB,
 PARTITION p20210619 VALUES LESS THAN (738326) ENGINE = InnoDB,
 PARTITION p20210620 VALUES LESS THAN (738327) ENGINE = InnoDB,
 PARTITION p20210621 VALUES LESS THAN (738328) ENGINE = InnoDB) */;

-- ----------------------------
-- Table structure for busi_oper_t_20210618
-- ----------------------------
CREATE TABLE `busi_oper_t_20210618` (
  `ID` bigint(20) NOT NULL AUTO_INCREMENT,
  `CLIENT_ID` bigint(20) DEFAULT NULL COMMENT '客户端ID',
  `SRC_CODE` varchar(32) DEFAULT NULL COMMENT '源设备编码',
  `SRC_IP` bigint(20) DEFAULT NULL COMMENT '源IP',
  `SRC_PORT` bigint(20) DEFAULT NULL COMMENT '源端口',
  `SRC_MAC` varchar(32) DEFAULT NULL COMMENT '源MAC',
  `USERNAME` varchar(50) DEFAULT NULL COMMENT '用户名',
  `CAMERA_ID` bigint(20) DEFAULT NULL COMMENT '摄像头ID',
  `DST_CODE` varchar(50) DEFAULT NULL COMMENT '目的设备编码',
  `DST_IP` bigint(20) DEFAULT NULL COMMENT '目的IP',
  `DST_PORT` bigint(20) DEFAULT NULL COMMENT '目的端口',
  `DST_MAC` varchar(32) DEFAULT NULL COMMENT '目的MAC',
  `ACTION` tinyint(2) NOT NULL COMMENT '操作类型',
  `ACTION_DETAIL` bigint(20) DEFAULT NULL COMMENT '操作详细类型',
  `STAMP` datetime NOT NULL COMMENT '操作时间',
  `CONTENT` varchar(4000) NOT NULL COMMENT '内容',
  `SESSION_ID` bigint(20) DEFAULT NULL COMMENT '会话ID',
  `RESULT` varchar(20) DEFAULT NULL,
  `UP_FLOW` bigint(20) DEFAULT NULL,
  `DOWN_FLOW` bigint(20) DEFAULT NULL,
  `CALL_ID` varchar(200) DEFAULT NULL,
  `DST_DEVICE_NAME` varchar(100) DEFAULT NULL,
  `DST_DEVICE_IP` bigint(20) DEFAULT NULL,
  `UUID` varchar(200) DEFAULT NULL,
  `START_STAMP` datetime DEFAULT NULL COMMENT '开始时间',
  `END_STAMP` datetime DEFAULT NULL COMMENT '结束时间',
  `PLATFORM_KEY` varchar(200) DEFAULT NULL,
  `TRANSFERED` tinyint(1) DEFAULT NULL,
  `CONNECT_TYPE` bigint(20) DEFAULT NULL COMMENT '连接类型1：非直联；2：直联',
  `FILE_URL` varchar(255) DEFAULT NULL COMMENT '回放下载的地址',
  `BIT_RATE` varchar(255) DEFAULT NULL COMMENT '码率',
  PRIMARY KEY (`ID`,`STAMP`) USING BTREE,
  KEY `STAMP_INDEX` (`STAMP`) USING BTREE,
  KEY `DST_CODE_INDEX` (`DST_CODE`) USING BTREE,
  KEY `SESSION_ID_INDEX` (`SESSION_ID`) USING BTREE,
  KEY `ACTION` (`ACTION`) USING BTREE,
  KEY `SRC_IP` (`SRC_IP`) USING BTREE,
  KEY `USERNAME` (`USERNAME`) USING BTREE
) ENGINE=InnoDB DEFAULT CHARSET=utf8mb4;

-- ----------------------------
-- Table structure for busi_oper_t_bak
-- ----------------------------
CREATE TABLE `busi_oper_t_bak` (
  `ID` bigint(20) NOT NULL AUTO_INCREMENT,
  `CLIENT_ID` bigint(20) DEFAULT NULL COMMENT '客户端ID',
  `SRC_CODE` varchar(32) DEFAULT NULL COMMENT '源设备编码',
  `SRC_IP` bigint(20) DEFAULT NULL COMMENT '源IP',
  `SRC_PORT` bigint(20) DEFAULT NULL COMMENT '源端口',
  `SRC_MAC` varchar(32) DEFAULT NULL COMMENT '源MAC',
  `USERNAME` varchar(50) DEFAULT NULL COMMENT '用户名',
  `CAMERA_ID` bigint(20) DEFAULT NULL COMMENT '摄像头ID',
  `DST_CODE` text COMMENT '目的设备编码',
  `DST_IP` bigint(20) DEFAULT NULL COMMENT '目的IP',
  `DST_PORT` bigint(20) DEFAULT NULL COMMENT '目的端口',
  `DST_MAC` varchar(32) DEFAULT NULL COMMENT '目的MAC',
  `ACTION` bigint(20) NOT NULL COMMENT '操作类型',
  `ACTION_DETAIL` bigint(20) DEFAULT NULL COMMENT '操作详细类型',
  `STAMP` datetime NOT NULL COMMENT '操作时间',
  `CONTENT` varchar(4000) DEFAULT NULL COMMENT '内容',
  `SESSION_ID` bigint(20) DEFAULT NULL COMMENT '会话ID',
  `RESULT` varchar(20) DEFAULT NULL,
  `UP_FLOW` bigint(20) DEFAULT NULL,
  `DOWN_FLOW` bigint(20) DEFAULT NULL,
  `CALL_ID` varchar(200) DEFAULT NULL,
  `DST_DEVICE_NAME` varchar(100) DEFAULT NULL,
  `DST_DEVICE_IP` bigint(20) DEFAULT NULL,
  `UUID` varchar(200) DEFAULT NULL,
  `START_STAMP` datetime DEFAULT NULL COMMENT '开始时间',
  `END_STAMP` datetime DEFAULT NULL COMMENT '结束时间',
  `PLATFORM_KEY` varchar(200) DEFAULT NULL,
  `TRANSFERED` bigint(20) DEFAULT NULL,
  `CONNECT_TYPE` bigint(20) DEFAULT NULL COMMENT '连接类型1：非直联；2：直联',
  `FILE_URL` text COMMENT '回放下载的地址',
  `BIT_RATE` varchar(255) DEFAULT NULL COMMENT '码率',
  PRIMARY KEY (`ID`,`STAMP`) USING BTREE
) ENGINE=InnoDB DEFAULT CHARSET=utf8mb4;

-- ----------------------------
-- Table structure for busi_oper_test
-- ----------------------------
CREATE TABLE `busi_oper_test` (
  `ID` bigint(20) NOT NULL AUTO_INCREMENT,
  `CLIENT_ID` bigint(20) DEFAULT NULL COMMENT '客户端ID',
  `SRC_CODE` varchar(32) DEFAULT NULL COMMENT '源设备编码',
  `SRC_IP` bigint(20) DEFAULT NULL COMMENT '源IP',
  `SRC_PORT` bigint(20) DEFAULT NULL COMMENT '源端口',
  `SRC_MAC` varchar(32) DEFAULT NULL COMMENT '源MAC',
  `USERNAME` varchar(50) DEFAULT NULL COMMENT '用户名',
  `CAMERA_ID` bigint(20) DEFAULT NULL COMMENT '摄像头ID',
  `DST_CODE` varchar(50) DEFAULT NULL COMMENT '目的设备编码',
  `DST_IP` bigint(20) DEFAULT NULL COMMENT '目的IP',
  `DST_PORT` bigint(20) DEFAULT NULL COMMENT '目的端口',
  `DST_MAC` varchar(32) DEFAULT NULL COMMENT '目的MAC',
  `ACTION` bigint(20) NOT NULL COMMENT '操作类型',
  `ACTION_DETAIL` bigint(20) DEFAULT NULL COMMENT '操作详细类型',
  `STAMP` datetime NOT NULL COMMENT '操作时间',
  `CONTENT` varchar(4000) NOT NULL COMMENT '内容',
  `SESSION_ID` bigint(20) DEFAULT NULL COMMENT '会话ID',
  `RESULT` varchar(20) DEFAULT NULL,
  `UP_FLOW` bigint(20) DEFAULT NULL,
  `DOWN_FLOW` bigint(20) DEFAULT NULL,
  `CALL_ID` varchar(200) DEFAULT NULL,
  `DST_DEVICE_NAME` varchar(100) DEFAULT NULL,
  `DST_DEVICE_IP` bigint(20) DEFAULT NULL,
  `UUID` varchar(200) DEFAULT NULL,
  `START_STAMP` datetime DEFAULT NULL COMMENT '开始时间',
  `END_STAMP` datetime DEFAULT NULL COMMENT '结束时间',
  `PLATFORM_KEY` varchar(200) DEFAULT NULL,
  `TRANSFERED` bigint(20) DEFAULT NULL,
  `CONNECT_TYPE` bigint(20) DEFAULT NULL COMMENT '连接类型1：非直联；2：直联',
  `FILE_URL` varchar(255) DEFAULT NULL COMMENT '回放下载的地址',
  `BIT_RATE` varchar(255) DEFAULT NULL COMMENT '码率',
  `second_index` tinyint(1) DEFAULT '0' COMMENT '二级缓存',
  PRIMARY KEY (`ID`,`STAMP`) USING BTREE,
  KEY `STAMP_INDEX` (`STAMP`) USING BTREE,
  KEY `DST_CODE_INDEX` (`DST_CODE`) USING BTREE,
  KEY `SESSION_ID_INDEX` (`SESSION_ID`) USING BTREE,
  KEY `PRIMARY_INDEX` (`ID`) USING BTREE,
  KEY `SECOND_INDEX` (`second_index`) USING BTREE
) ENGINE=InnoDB DEFAULT CHARSET=utf8mb4;

-- ----------------------------
-- Table structure for busi_oper_tmp
-- ----------------------------
CREATE TABLE `busi_oper_tmp` (
  `ID` bigint(20) NOT NULL AUTO_INCREMENT,
  `CLIENT_ID` bigint(20) DEFAULT NULL COMMENT '客户端ID',
  `SRC_CODE` varchar(32) DEFAULT NULL COMMENT '源设备编码',
  `SRC_IP` bigint(20) DEFAULT NULL COMMENT '源IP',
  `SRC_PORT` bigint(20) DEFAULT NULL COMMENT '源端口',
  `SRC_MAC` varchar(32) DEFAULT NULL COMMENT '源MAC',
  `USERNAME` varchar(50) DEFAULT NULL COMMENT '用户名',
  `CAMERA_ID` bigint(20) DEFAULT NULL COMMENT '摄像头ID',
  `DST_CODE` varchar(50) DEFAULT NULL COMMENT '目的设备编码',
  `DST_IP` bigint(20) DEFAULT NULL COMMENT '目的IP',
  `DST_PORT` bigint(20) DEFAULT NULL COMMENT '目的端口',
  `DST_MAC` varchar(32) DEFAULT NULL COMMENT '目的MAC',
  `ACTION` tinyint(2) NOT NULL COMMENT '操作类型',
  `ACTION_DETAIL` bigint(20) DEFAULT NULL COMMENT '操作详细类型',
  `STAMP` datetime NOT NULL COMMENT '操作时间',
  `CONTENT` varchar(4000) NOT NULL COMMENT '内容',
  `SESSION_ID` bigint(20) DEFAULT NULL COMMENT '会话ID',
  `RESULT` varchar(20) DEFAULT NULL,
  `UP_FLOW` bigint(20) DEFAULT NULL,
  `DOWN_FLOW` bigint(20) DEFAULT NULL,
  `CALL_ID` varchar(200) DEFAULT NULL,
  `DST_DEVICE_NAME` varchar(100) DEFAULT NULL,
  `DST_DEVICE_IP` bigint(20) DEFAULT NULL,
  `UUID` varchar(200) DEFAULT NULL,
  `START_STAMP` datetime DEFAULT NULL COMMENT '开始时间',
  `END_STAMP` datetime DEFAULT NULL COMMENT '结束时间',
  `PLATFORM_KEY` varchar(200) DEFAULT NULL,
  `TRANSFERED` tinyint(1) DEFAULT NULL,
  `CONNECT_TYPE` bigint(20) DEFAULT NULL COMMENT '连接类型1：非直联；2：直联',
  `FILE_URL` varchar(255) DEFAULT NULL COMMENT '回放下载的地址',
  `BIT_RATE` varchar(255) DEFAULT NULL COMMENT '码率',
  `PROBE_HD_INFO` varchar(255) DEFAULT NULL COMMENT '探针机器码',
  `OPER_START` datetime DEFAULT NULL COMMENT '动作开始时间',
  `OPER_END` datetime DEFAULT NULL COMMENT '动作结束时间',
  `RELATION_OPER_UUID` varchar(255) NOT NULL COMMENT '相关操作行为uuid',
  PRIMARY KEY (`ID`,`STAMP`) USING BTREE,
  KEY `STAMP_INDEX` (`STAMP`) USING BTREE,
  KEY `DST_CODE_INDEX` (`DST_CODE`) USING BTREE,
  KEY `SESSION_ID_INDEX` (`SESSION_ID`) USING BTREE,
  KEY `ACTION` (`ACTION`) USING BTREE,
  KEY `SRC_IP` (`SRC_IP`) USING BTREE,
  KEY `USERNAME` (`USERNAME`) USING BTREE
) ENGINE=InnoDB DEFAULT CHARSET=utf8mb4 ROW_FORMAT=DYNAMIC;

-- ----------------------------
-- Table structure for busi_platform
-- ----------------------------
CREATE TABLE `busi_platform` (
  `ID` bigint(20) NOT NULL,
  `IP_ADDRESS` varchar(20) DEFAULT NULL,
  `DESCRIPTION` text,
  `PLATFORM_KEY` varchar(200) DEFAULT NULL,
  `NAME` varchar(100) DEFAULT NULL,
  `CREATE_TIME` datetime DEFAULT NULL,
  `UPDATE_TIME` datetime DEFAULT NULL,
  `TRANSFER_IP` varchar(20) DEFAULT NULL COMMENT '转发信令服务器IP',
  PRIMARY KEY (`ID`) USING BTREE
) ENGINE=InnoDB DEFAULT CHARSET=utf8mb4;

-- ----------------------------
-- Table structure for busi_raw_net_flow
-- ----------------------------
CREATE TABLE `busi_raw_net_flow` (
  `id` int(20) NOT NULL AUTO_INCREMENT,
  `src_ip` bigint(20) NOT NULL,
  `src_port` varchar(255) DEFAULT NULL,
  `src_mac` varchar(255) CHARACTER SET utf8 DEFAULT NULL,
  `dst_ip` bigint(20) DEFAULT NULL,
  `dst_port` varchar(255) DEFAULT NULL,
  `dst_mac` varchar(255) DEFAULT NULL,
  `stamp` datetime DEFAULT NULL,
  `packet_size` bigint(20) DEFAULT NULL,
  `packet_type` varchar(255) DEFAULT NULL,
  `packet_count` bigint(20) DEFAULT NULL,
  PRIMARY KEY (`id`) USING BTREE
) ENGINE=InnoDB AUTO_INCREMENT=1329088 DEFAULT CHARSET=utf8mb4;

-- ----------------------------
-- Table structure for busi_raw_signal
-- ----------------------------
CREATE TABLE `busi_raw_signal` (
  `id` bigint(20) NOT NULL AUTO_INCREMENT COMMENT 'ID',
  `src_ip` bigint(20) DEFAULT NULL COMMENT '源IP',
  `src_mac` varchar(255) DEFAULT NULL COMMENT '源MAC',
  `src_port` bigint(20) DEFAULT NULL COMMENT '源端口',
  `dst_ip` bigint(20) DEFAULT NULL COMMENT '目的IP',
  `dst_mac` varchar(255) DEFAULT NULL COMMENT '目的MAC',
  `dst_port` bigint(20) DEFAULT NULL COMMENT '目的端口',
  `stamp` datetime NOT NULL COMMENT '时间',
  `request_line_type` varchar(255) DEFAULT NULL,
  `request_line_content` varchar(1000) DEFAULT NULL,
  `from_code` varchar(255) DEFAULT NULL,
  `from_domain` varchar(255) DEFAULT NULL,
  `to_code` varchar(255) DEFAULT NULL,
  `to_domain` varchar(255) DEFAULT NULL,
  `content_length` varchar(50) DEFAULT NULL,
  `contact` varchar(2000) DEFAULT NULL,
  `cseq` varchar(50) DEFAULT NULL,
  `call_id` varchar(2000) DEFAULT NULL,
  `via` varchar(500) DEFAULT NULL,
  `subject` varchar(500) DEFAULT NULL,
  `content_type` varchar(255) DEFAULT NULL,
  `max_forwards` varchar(255) DEFAULT NULL,
  `sip_authenticate` varchar(500) DEFAULT NULL,
  `owner_code` varchar(100) DEFAULT NULL,
  `owner_ip` varchar(100) DEFAULT NULL,
  `device_ip` varchar(100) DEFAULT NULL,
  `action` varchar(10) DEFAULT NULL,
  `content` varchar(4000) DEFAULT NULL,
  `oper_id` bigint(20) DEFAULT NULL,
  `data_size` bigint(20) DEFAULT NULL,
  `start_stamp` datetime DEFAULT NULL,
  `end_stamp` datetime DEFAULT NULL,
  PRIMARY KEY (`id`,`stamp`) USING BTREE
) ENGINE=InnoDB AUTO_INCREMENT=648221 DEFAULT CHARSET=utf8mb4 ROW_FORMAT=DYNAMIC
/*!50100 PARTITION BY RANGE (TO_DAYS(stamp))
(PARTITION old VALUES LESS THAN (737868) ENGINE = InnoDB,
 PARTITION p20210114 VALUES LESS THAN (738170) ENGINE = InnoDB,
 PARTITION p20210115 VALUES LESS THAN (738171) ENGINE = InnoDB,
 PARTITION p20210116 VALUES LESS THAN (738172) ENGINE = InnoDB,
 PARTITION p20210117 VALUES LESS THAN (738173) ENGINE = InnoDB,
 PARTITION p20210118 VALUES LESS THAN (738174) ENGINE = InnoDB,
 PARTITION p20210119 VALUES LESS THAN (738175) ENGINE = InnoDB,
 PARTITION p20210120 VALUES LESS THAN (738176) ENGINE = InnoDB,
 PARTITION p20210121 VALUES LESS THAN (738177) ENGINE = InnoDB,
 PARTITION p20210122 VALUES LESS THAN (738178) ENGINE = InnoDB,
 PARTITION p20210123 VALUES LESS THAN (738179) ENGINE = InnoDB,
 PARTITION p20210124 VALUES LESS THAN (738180) ENGINE = InnoDB,
 PARTITION p20210125 VALUES LESS THAN (738181) ENGINE = InnoDB,
 PARTITION p20210126 VALUES LESS THAN (738182) ENGINE = InnoDB,
 PARTITION p20210127 VALUES LESS THAN (738183) ENGINE = InnoDB,
 PARTITION p20210128 VALUES LESS THAN (738184) ENGINE = InnoDB,
 PARTITION p20210129 VALUES LESS THAN (738185) ENGINE = InnoDB,
 PARTITION p20210130 VALUES LESS THAN (738186) ENGINE = InnoDB,
 PARTITION p20210131 VALUES LESS THAN (738187) ENGINE = InnoDB,
 PARTITION p20210201 VALUES LESS THAN (738188) ENGINE = InnoDB,
 PARTITION p20210207 VALUES LESS THAN (738194) ENGINE = InnoDB,
 PARTITION p20210208 VALUES LESS THAN (738195) ENGINE = InnoDB,
 PARTITION p20210209 VALUES LESS THAN (738196) ENGINE = InnoDB,
 PARTITION p20210210 VALUES LESS THAN (738197) ENGINE = InnoDB,
 PARTITION p20210211 VALUES LESS THAN (738198) ENGINE = InnoDB,
 PARTITION p20210212 VALUES LESS THAN (738199) ENGINE = InnoDB,
 PARTITION p20210213 VALUES LESS THAN (738200) ENGINE = InnoDB,
 PARTITION p20210214 VALUES LESS THAN (738201) ENGINE = InnoDB,
 PARTITION p20210215 VALUES LESS THAN (738202) ENGINE = InnoDB,
 PARTITION p20210216 VALUES LESS THAN (738203) ENGINE = InnoDB,
 PARTITION p20210217 VALUES LESS THAN (738204) ENGINE = InnoDB,
 PARTITION p20210218 VALUES LESS THAN (738205) ENGINE = InnoDB,
 PARTITION p20210219 VALUES LESS THAN (738206) ENGINE = InnoDB,
 PARTITION p20210220 VALUES LESS THAN (738207) ENGINE = InnoDB,
 PARTITION p20210221 VALUES LESS THAN (738208) ENGINE = InnoDB,
 PARTITION p20210222 VALUES LESS THAN (738209) ENGINE = InnoDB,
 PARTITION p20210223 VALUES LESS THAN (738210) ENGINE = InnoDB,
 PARTITION p20210224 VALUES LESS THAN (738211) ENGINE = InnoDB,
 PARTITION p20210225 VALUES LESS THAN (738212) ENGINE = InnoDB,
 PARTITION p20210226 VALUES LESS THAN (738213) ENGINE = InnoDB,
 PARTITION p20210227 VALUES LESS THAN (738214) ENGINE = InnoDB,
 PARTITION p20210228 VALUES LESS THAN (738215) ENGINE = InnoDB,
 PARTITION p20210301 VALUES LESS THAN (738216) ENGINE = InnoDB,
 PARTITION p20210302 VALUES LESS THAN (738217) ENGINE = InnoDB,
 PARTITION p20210303 VALUES LESS THAN (738218) ENGINE = InnoDB,
 PARTITION p20210304 VALUES LESS THAN (738219) ENGINE = InnoDB,
 PARTITION p20210305 VALUES LESS THAN (738220) ENGINE = InnoDB,
 PARTITION p20210306 VALUES LESS THAN (738221) ENGINE = InnoDB,
 PARTITION p20210307 VALUES LESS THAN (738222) ENGINE = InnoDB,
 PARTITION p20210308 VALUES LESS THAN (738223) ENGINE = InnoDB,
 PARTITION p20210309 VALUES LESS THAN (738224) ENGINE = InnoDB,
 PARTITION p20210310 VALUES LESS THAN (738225) ENGINE = InnoDB,
 PARTITION p20210311 VALUES LESS THAN (738226) ENGINE = InnoDB,
 PARTITION p20210312 VALUES LESS THAN (738227) ENGINE = InnoDB,
 PARTITION p20210313 VALUES LESS THAN (738228) ENGINE = InnoDB,
 PARTITION p20210314 VALUES LESS THAN (738229) ENGINE = InnoDB,
 PARTITION p20210315 VALUES LESS THAN (738230) ENGINE = InnoDB,
 PARTITION p20210316 VALUES LESS THAN (738231) ENGINE = InnoDB,
 PARTITION p20210317 VALUES LESS THAN (738232) ENGINE = InnoDB,
 PARTITION p20210318 VALUES LESS THAN (738233) ENGINE = InnoDB,
 PARTITION p20210319 VALUES LESS THAN (738234) ENGINE = InnoDB,
 PARTITION p20210320 VALUES LESS THAN (738235) ENGINE = InnoDB,
 PARTITION p20210321 VALUES LESS THAN (738236) ENGINE = InnoDB,
 PARTITION p20210322 VALUES LESS THAN (738237) ENGINE = InnoDB,
 PARTITION p20210323 VALUES LESS THAN (738238) ENGINE = InnoDB,
 PARTITION p20210324 VALUES LESS THAN (738239) ENGINE = InnoDB,
 PARTITION p20210325 VALUES LESS THAN (738240) ENGINE = InnoDB,
 PARTITION p20210326 VALUES LESS THAN (738241) ENGINE = InnoDB,
 PARTITION p20210327 VALUES LESS THAN (738242) ENGINE = InnoDB,
 PARTITION p20210328 VALUES LESS THAN (738243) ENGINE = InnoDB,
 PARTITION p20210329 VALUES LESS THAN (738244) ENGINE = InnoDB,
 PARTITION p20210330 VALUES LESS THAN (738245) ENGINE = InnoDB,
 PARTITION p20210331 VALUES LESS THAN (738246) ENGINE = InnoDB,
 PARTITION p20210401 VALUES LESS THAN (738247) ENGINE = InnoDB,
 PARTITION p20210402 VALUES LESS THAN (738248) ENGINE = InnoDB,
 PARTITION p20210403 VALUES LESS THAN (738249) ENGINE = InnoDB,
 PARTITION p20210404 VALUES LESS THAN (738250) ENGINE = InnoDB,
 PARTITION p20210405 VALUES LESS THAN (738251) ENGINE = InnoDB,
 PARTITION p20210406 VALUES LESS THAN (738252) ENGINE = InnoDB,
 PARTITION p20210407 VALUES LESS THAN (738253) ENGINE = InnoDB,
 PARTITION p20210408 VALUES LESS THAN (738254) ENGINE = InnoDB,
 PARTITION p20210409 VALUES LESS THAN (738255) ENGINE = InnoDB,
 PARTITION p20210410 VALUES LESS THAN (738256) ENGINE = InnoDB,
 PARTITION p20210412 VALUES LESS THAN (738258) ENGINE = InnoDB,
 PARTITION p20210413 VALUES LESS THAN (738259) ENGINE = InnoDB,
 PARTITION p20210414 VALUES LESS THAN (738260) ENGINE = InnoDB,
 PARTITION p20210415 VALUES LESS THAN (738261) ENGINE = InnoDB,
 PARTITION p20210416 VALUES LESS THAN (738262) ENGINE = InnoDB,
 PARTITION p20210417 VALUES LESS THAN (738263) ENGINE = InnoDB,
 PARTITION p20210418 VALUES LESS THAN (738264) ENGINE = InnoDB,
 PARTITION p20210419 VALUES LESS THAN (738265) ENGINE = InnoDB,
 PARTITION p20210420 VALUES LESS THAN (738266) ENGINE = InnoDB,
 PARTITION p20210421 VALUES LESS THAN (738267) ENGINE = InnoDB,
 PARTITION p20210422 VALUES LESS THAN (738268) ENGINE = InnoDB,
 PARTITION p20210423 VALUES LESS THAN (738269) ENGINE = InnoDB,
 PARTITION p20210424 VALUES LESS THAN (738270) ENGINE = InnoDB,
 PARTITION p20210425 VALUES LESS THAN (738271) ENGINE = InnoDB,
 PARTITION p20210426 VALUES LESS THAN (738272) ENGINE = InnoDB,
 PARTITION p20210427 VALUES LESS THAN (738273) ENGINE = InnoDB,
 PARTITION p20210428 VALUES LESS THAN (738274) ENGINE = InnoDB,
 PARTITION p20210429 VALUES LESS THAN (738275) ENGINE = InnoDB,
 PARTITION p20210430 VALUES LESS THAN (738276) ENGINE = InnoDB,
 PARTITION p20210501 VALUES LESS THAN (738277) ENGINE = InnoDB,
 PARTITION p20210502 VALUES LESS THAN (738278) ENGINE = InnoDB,
 PARTITION p20210503 VALUES LESS THAN (738279) ENGINE = InnoDB,
 PARTITION p20210504 VALUES LESS THAN (738280) ENGINE = InnoDB,
 PARTITION p20210505 VALUES LESS THAN (738281) ENGINE = InnoDB,
 PARTITION p20210506 VALUES LESS THAN (738282) ENGINE = InnoDB,
 PARTITION p20210507 VALUES LESS THAN (738283) ENGINE = InnoDB,
 PARTITION p20210508 VALUES LESS THAN (738284) ENGINE = InnoDB,
 PARTITION p20210509 VALUES LESS THAN (738285) ENGINE = InnoDB,
 PARTITION p20210510 VALUES LESS THAN (738286) ENGINE = InnoDB,
 PARTITION p20210511 VALUES LESS THAN (738287) ENGINE = InnoDB,
 PARTITION p20210512 VALUES LESS THAN (738288) ENGINE = InnoDB,
 PARTITION p20210513 VALUES LESS THAN (738289) ENGINE = InnoDB,
 PARTITION p20210514 VALUES LESS THAN (738290) ENGINE = InnoDB,
 PARTITION p20210515 VALUES LESS THAN (738291) ENGINE = InnoDB,
 PARTITION p20210516 VALUES LESS THAN (738292) ENGINE = InnoDB,
 PARTITION p20210517 VALUES LESS THAN (738293) ENGINE = InnoDB,
 PARTITION p20210518 VALUES LESS THAN (738294) ENGINE = InnoDB,
 PARTITION p20210519 VALUES LESS THAN (738295) ENGINE = InnoDB,
 PARTITION p20210520 VALUES LESS THAN (738296) ENGINE = InnoDB,
 PARTITION p20210521 VALUES LESS THAN (738297) ENGINE = InnoDB,
 PARTITION p20210522 VALUES LESS THAN (738298) ENGINE = InnoDB,
 PARTITION p20210523 VALUES LESS THAN (738299) ENGINE = InnoDB,
 PARTITION p20210524 VALUES LESS THAN (738300) ENGINE = InnoDB,
 PARTITION p20210525 VALUES LESS THAN (738301) ENGINE = InnoDB,
 PARTITION p20210526 VALUES LESS THAN (738302) ENGINE = InnoDB,
 PARTITION p20210527 VALUES LESS THAN (738303) ENGINE = InnoDB,
 PARTITION p20210528 VALUES LESS THAN (738304) ENGINE = InnoDB,
 PARTITION p20210529 VALUES LESS THAN (738305) ENGINE = InnoDB,
 PARTITION p20210530 VALUES LESS THAN (738306) ENGINE = InnoDB,
 PARTITION p20210531 VALUES LESS THAN (738307) ENGINE = InnoDB,
 PARTITION p20210601 VALUES LESS THAN (738308) ENGINE = InnoDB,
 PARTITION p20210602 VALUES LESS THAN (738309) ENGINE = InnoDB,
 PARTITION p20210603 VALUES LESS THAN (738310) ENGINE = InnoDB,
 PARTITION p20210604 VALUES LESS THAN (738311) ENGINE = InnoDB,
 PARTITION p20210605 VALUES LESS THAN (738312) ENGINE = InnoDB,
 PARTITION p20210606 VALUES LESS THAN (738313) ENGINE = InnoDB,
 PARTITION p20210607 VALUES LESS THAN (738314) ENGINE = InnoDB,
 PARTITION p20210608 VALUES LESS THAN (738315) ENGINE = InnoDB,
 PARTITION p20210609 VALUES LESS THAN (738316) ENGINE = InnoDB,
 PARTITION p20210610 VALUES LESS THAN (738317) ENGINE = InnoDB,
 PARTITION p20210611 VALUES LESS THAN (738318) ENGINE = InnoDB,
 PARTITION p20210612 VALUES LESS THAN (738319) ENGINE = InnoDB,
 PARTITION p20210613 VALUES LESS THAN (738320) ENGINE = InnoDB,
 PARTITION p20210614 VALUES LESS THAN (738321) ENGINE = InnoDB,
 PARTITION p20210615 VALUES LESS THAN (738322) ENGINE = InnoDB,
 PARTITION p20210616 VALUES LESS THAN (738323) ENGINE = InnoDB,
 PARTITION p20210617 VALUES LESS THAN (738324) ENGINE = InnoDB,
 PARTITION p20210618 VALUES LESS THAN (738325) ENGINE = InnoDB,
 PARTITION p20210619 VALUES LESS THAN (738326) ENGINE = InnoDB,
 PARTITION p20210620 VALUES LESS THAN (738327) ENGINE = InnoDB,
 PARTITION p20210621 VALUES LESS THAN (738328) ENGINE = InnoDB,
 PARTITION p20210622 VALUES LESS THAN (738329) ENGINE = InnoDB,
 PARTITION p20210623 VALUES LESS THAN (738330) ENGINE = InnoDB,
 PARTITION p20210624 VALUES LESS THAN (738331) ENGINE = InnoDB,
 PARTITION p20210625 VALUES LESS THAN (738332) ENGINE = InnoDB,
 PARTITION p20210626 VALUES LESS THAN (738333) ENGINE = InnoDB,
 PARTITION p20210627 VALUES LESS THAN (738334) ENGINE = InnoDB,
 PARTITION p20210628 VALUES LESS THAN (738335) ENGINE = InnoDB,
 PARTITION p20210629 VALUES LESS THAN (738336) ENGINE = InnoDB,
 PARTITION p20210630 VALUES LESS THAN (738337) ENGINE = InnoDB,
 PARTITION p20210701 VALUES LESS THAN (738338) ENGINE = InnoDB,
 PARTITION p20210702 VALUES LESS THAN (738339) ENGINE = InnoDB) */;

-- ----------------------------
-- Table structure for busi_raw_signal_t
-- ----------------------------
CREATE TABLE `busi_raw_signal_t` (
  `id` bigint(20) NOT NULL AUTO_INCREMENT COMMENT 'ID',
  `src_ip` bigint(20) DEFAULT NULL COMMENT '源IP',
  `src_mac` varchar(255) DEFAULT NULL COMMENT '源MAC',
  `src_port` bigint(20) DEFAULT NULL COMMENT '源端口',
  `dst_ip` bigint(20) DEFAULT NULL COMMENT '目的IP',
  `dst_mac` varchar(255) DEFAULT NULL COMMENT '目的MAC',
  `dst_port` bigint(20) DEFAULT NULL COMMENT '目的端口',
  `stamp` datetime NOT NULL COMMENT '时间',
  `request_line_type` varchar(255) DEFAULT NULL,
  `request_line_content` varchar(1000) DEFAULT NULL,
  `from_code` varchar(255) DEFAULT NULL,
  `from_domain` varchar(255) DEFAULT NULL,
  `to_code` varchar(255) DEFAULT NULL,
  `to_domain` varchar(255) DEFAULT NULL,
  `content_length` varchar(50) DEFAULT NULL,
  `contact` varchar(2000) DEFAULT NULL,
  `cseq` varchar(50) DEFAULT NULL,
  `call_id` varchar(2000) DEFAULT NULL,
  `via` varchar(500) DEFAULT NULL,
  `subject` varchar(500) DEFAULT NULL,
  `content_type` varchar(255) DEFAULT NULL,
  `max_forwards` varchar(255) DEFAULT NULL,
  `sip_authenticate` varchar(500) DEFAULT NULL,
  `owner_code` varchar(100) DEFAULT NULL,
  `owner_ip` varchar(100) DEFAULT NULL,
  `device_ip` varchar(100) DEFAULT NULL,
  `action` varchar(10) DEFAULT NULL,
  `content` varchar(4000) DEFAULT NULL,
  `oper_id` bigint(20) DEFAULT NULL,
  `data_size` bigint(20) DEFAULT NULL,
  `start_stamp` datetime DEFAULT NULL,
  `end_stamp` datetime DEFAULT NULL,
  PRIMARY KEY (`id`,`stamp`) USING BTREE
) ENGINE=InnoDB DEFAULT CHARSET=utf8mb4 ROW_FORMAT=DYNAMIC
/*!50100 PARTITION BY RANGE (TO_DAYS(stamp))
(PARTITION old VALUES LESS THAN (737868) ENGINE = InnoDB,
 PARTITION p20210114 VALUES LESS THAN (738170) ENGINE = InnoDB,
 PARTITION p20210115 VALUES LESS THAN (738171) ENGINE = InnoDB,
 PARTITION p20210116 VALUES LESS THAN (738172) ENGINE = InnoDB,
 PARTITION p20210117 VALUES LESS THAN (738173) ENGINE = InnoDB,
 PARTITION p20210118 VALUES LESS THAN (738174) ENGINE = InnoDB,
 PARTITION p20210119 VALUES LESS THAN (738175) ENGINE = InnoDB,
 PARTITION p20210120 VALUES LESS THAN (738176) ENGINE = InnoDB,
 PARTITION p20210121 VALUES LESS THAN (738177) ENGINE = InnoDB,
 PARTITION p20210122 VALUES LESS THAN (738178) ENGINE = InnoDB,
 PARTITION p20210123 VALUES LESS THAN (738179) ENGINE = InnoDB,
 PARTITION p20210124 VALUES LESS THAN (738180) ENGINE = InnoDB,
 PARTITION p20210125 VALUES LESS THAN (738181) ENGINE = InnoDB,
 PARTITION p20210126 VALUES LESS THAN (738182) ENGINE = InnoDB,
 PARTITION p20210127 VALUES LESS THAN (738183) ENGINE = InnoDB,
 PARTITION p20210128 VALUES LESS THAN (738184) ENGINE = InnoDB,
 PARTITION p20210129 VALUES LESS THAN (738185) ENGINE = InnoDB,
 PARTITION p20210130 VALUES LESS THAN (738186) ENGINE = InnoDB,
 PARTITION p20210131 VALUES LESS THAN (738187) ENGINE = InnoDB,
 PARTITION p20210201 VALUES LESS THAN (738188) ENGINE = InnoDB,
 PARTITION p20210207 VALUES LESS THAN (738194) ENGINE = InnoDB,
 PARTITION p20210208 VALUES LESS THAN (738195) ENGINE = InnoDB,
 PARTITION p20210209 VALUES LESS THAN (738196) ENGINE = InnoDB,
 PARTITION p20210210 VALUES LESS THAN (738197) ENGINE = InnoDB,
 PARTITION p20210211 VALUES LESS THAN (738198) ENGINE = InnoDB,
 PARTITION p20210212 VALUES LESS THAN (738199) ENGINE = InnoDB,
 PARTITION p20210213 VALUES LESS THAN (738200) ENGINE = InnoDB,
 PARTITION p20210214 VALUES LESS THAN (738201) ENGINE = InnoDB,
 PARTITION p20210215 VALUES LESS THAN (738202) ENGINE = InnoDB,
 PARTITION p20210216 VALUES LESS THAN (738203) ENGINE = InnoDB,
 PARTITION p20210217 VALUES LESS THAN (738204) ENGINE = InnoDB,
 PARTITION p20210218 VALUES LESS THAN (738205) ENGINE = InnoDB,
 PARTITION p20210219 VALUES LESS THAN (738206) ENGINE = InnoDB,
 PARTITION p20210220 VALUES LESS THAN (738207) ENGINE = InnoDB,
 PARTITION p20210221 VALUES LESS THAN (738208) ENGINE = InnoDB,
 PARTITION p20210222 VALUES LESS THAN (738209) ENGINE = InnoDB,
 PARTITION p20210223 VALUES LESS THAN (738210) ENGINE = InnoDB,
 PARTITION p20210224 VALUES LESS THAN (738211) ENGINE = InnoDB,
 PARTITION p20210225 VALUES LESS THAN (738212) ENGINE = InnoDB,
 PARTITION p20210226 VALUES LESS THAN (738213) ENGINE = InnoDB,
 PARTITION p20210227 VALUES LESS THAN (738214) ENGINE = InnoDB,
 PARTITION p20210228 VALUES LESS THAN (738215) ENGINE = InnoDB,
 PARTITION p20210301 VALUES LESS THAN (738216) ENGINE = InnoDB,
 PARTITION p20210302 VALUES LESS THAN (738217) ENGINE = InnoDB,
 PARTITION p20210303 VALUES LESS THAN (738218) ENGINE = InnoDB,
 PARTITION p20210304 VALUES LESS THAN (738219) ENGINE = InnoDB,
 PARTITION p20210305 VALUES LESS THAN (738220) ENGINE = InnoDB,
 PARTITION p20210306 VALUES LESS THAN (738221) ENGINE = InnoDB,
 PARTITION p20210307 VALUES LESS THAN (738222) ENGINE = InnoDB,
 PARTITION p20210308 VALUES LESS THAN (738223) ENGINE = InnoDB,
 PARTITION p20210309 VALUES LESS THAN (738224) ENGINE = InnoDB,
 PARTITION p20210310 VALUES LESS THAN (738225) ENGINE = InnoDB,
 PARTITION p20210311 VALUES LESS THAN (738226) ENGINE = InnoDB,
 PARTITION p20210312 VALUES LESS THAN (738227) ENGINE = InnoDB,
 PARTITION p20210313 VALUES LESS THAN (738228) ENGINE = InnoDB,
 PARTITION p20210314 VALUES LESS THAN (738229) ENGINE = InnoDB,
 PARTITION p20210315 VALUES LESS THAN (738230) ENGINE = InnoDB,
 PARTITION p20210316 VALUES LESS THAN (738231) ENGINE = InnoDB,
 PARTITION p20210317 VALUES LESS THAN (738232) ENGINE = InnoDB,
 PARTITION p20210318 VALUES LESS THAN (738233) ENGINE = InnoDB,
 PARTITION p20210319 VALUES LESS THAN (738234) ENGINE = InnoDB,
 PARTITION p20210320 VALUES LESS THAN (738235) ENGINE = InnoDB,
 PARTITION p20210321 VALUES LESS THAN (738236) ENGINE = InnoDB,
 PARTITION p20210322 VALUES LESS THAN (738237) ENGINE = InnoDB,
 PARTITION p20210323 VALUES LESS THAN (738238) ENGINE = InnoDB,
 PARTITION p20210324 VALUES LESS THAN (738239) ENGINE = InnoDB,
 PARTITION p20210325 VALUES LESS THAN (738240) ENGINE = InnoDB,
 PARTITION p20210326 VALUES LESS THAN (738241) ENGINE = InnoDB,
 PARTITION p20210327 VALUES LESS THAN (738242) ENGINE = InnoDB,
 PARTITION p20210328 VALUES LESS THAN (738243) ENGINE = InnoDB,
 PARTITION p20210329 VALUES LESS THAN (738244) ENGINE = InnoDB,
 PARTITION p20210330 VALUES LESS THAN (738245) ENGINE = InnoDB,
 PARTITION p20210331 VALUES LESS THAN (738246) ENGINE = InnoDB,
 PARTITION p20210401 VALUES LESS THAN (738247) ENGINE = InnoDB,
 PARTITION p20210402 VALUES LESS THAN (738248) ENGINE = InnoDB,
 PARTITION p20210403 VALUES LESS THAN (738249) ENGINE = InnoDB,
 PARTITION p20210404 VALUES LESS THAN (738250) ENGINE = InnoDB,
 PARTITION p20210405 VALUES LESS THAN (738251) ENGINE = InnoDB,
 PARTITION p20210406 VALUES LESS THAN (738252) ENGINE = InnoDB,
 PARTITION p20210407 VALUES LESS THAN (738253) ENGINE = InnoDB,
 PARTITION p20210408 VALUES LESS THAN (738254) ENGINE = InnoDB,
 PARTITION p20210409 VALUES LESS THAN (738255) ENGINE = InnoDB,
 PARTITION p20210410 VALUES LESS THAN (738256) ENGINE = InnoDB,
 PARTITION p20210412 VALUES LESS THAN (738258) ENGINE = InnoDB,
 PARTITION p20210413 VALUES LESS THAN (738259) ENGINE = InnoDB,
 PARTITION p20210414 VALUES LESS THAN (738260) ENGINE = InnoDB,
 PARTITION p20210415 VALUES LESS THAN (738261) ENGINE = InnoDB,
 PARTITION p20210416 VALUES LESS THAN (738262) ENGINE = InnoDB,
 PARTITION p20210417 VALUES LESS THAN (738263) ENGINE = InnoDB,
 PARTITION p20210418 VALUES LESS THAN (738264) ENGINE = InnoDB,
 PARTITION p20210419 VALUES LESS THAN (738265) ENGINE = InnoDB,
 PARTITION p20210420 VALUES LESS THAN (738266) ENGINE = InnoDB,
 PARTITION p20210421 VALUES LESS THAN (738267) ENGINE = InnoDB,
 PARTITION p20210422 VALUES LESS THAN (738268) ENGINE = InnoDB,
 PARTITION p20210423 VALUES LESS THAN (738269) ENGINE = InnoDB,
 PARTITION p20210424 VALUES LESS THAN (738270) ENGINE = InnoDB,
 PARTITION p20210425 VALUES LESS THAN (738271) ENGINE = InnoDB,
 PARTITION p20210426 VALUES LESS THAN (738272) ENGINE = InnoDB,
 PARTITION p20210427 VALUES LESS THAN (738273) ENGINE = InnoDB,
 PARTITION p20210428 VALUES LESS THAN (738274) ENGINE = InnoDB,
 PARTITION p20210429 VALUES LESS THAN (738275) ENGINE = InnoDB,
 PARTITION p20210430 VALUES LESS THAN (738276) ENGINE = InnoDB,
 PARTITION p20210501 VALUES LESS THAN (738277) ENGINE = InnoDB,
 PARTITION p20210502 VALUES LESS THAN (738278) ENGINE = InnoDB,
 PARTITION p20210503 VALUES LESS THAN (738279) ENGINE = InnoDB,
 PARTITION p20210504 VALUES LESS THAN (738280) ENGINE = InnoDB,
 PARTITION p20210505 VALUES LESS THAN (738281) ENGINE = InnoDB,
 PARTITION p20210506 VALUES LESS THAN (738282) ENGINE = InnoDB,
 PARTITION p20210507 VALUES LESS THAN (738283) ENGINE = InnoDB,
 PARTITION p20210508 VALUES LESS THAN (738284) ENGINE = InnoDB,
 PARTITION p20210509 VALUES LESS THAN (738285) ENGINE = InnoDB,
 PARTITION p20210510 VALUES LESS THAN (738286) ENGINE = InnoDB,
 PARTITION p20210511 VALUES LESS THAN (738287) ENGINE = InnoDB,
 PARTITION p20210512 VALUES LESS THAN (738288) ENGINE = InnoDB,
 PARTITION p20210513 VALUES LESS THAN (738289) ENGINE = InnoDB,
 PARTITION p20210514 VALUES LESS THAN (738290) ENGINE = InnoDB,
 PARTITION p20210515 VALUES LESS THAN (738291) ENGINE = InnoDB,
 PARTITION p20210516 VALUES LESS THAN (738292) ENGINE = InnoDB,
 PARTITION p20210517 VALUES LESS THAN (738293) ENGINE = InnoDB,
 PARTITION p20210518 VALUES LESS THAN (738294) ENGINE = InnoDB,
 PARTITION p20210519 VALUES LESS THAN (738295) ENGINE = InnoDB,
 PARTITION p20210520 VALUES LESS THAN (738296) ENGINE = InnoDB,
 PARTITION p20210521 VALUES LESS THAN (738297) ENGINE = InnoDB,
 PARTITION p20210522 VALUES LESS THAN (738298) ENGINE = InnoDB,
 PARTITION p20210523 VALUES LESS THAN (738299) ENGINE = InnoDB,
 PARTITION p20210524 VALUES LESS THAN (738300) ENGINE = InnoDB,
 PARTITION p20210525 VALUES LESS THAN (738301) ENGINE = InnoDB,
 PARTITION p20210526 VALUES LESS THAN (738302) ENGINE = InnoDB,
 PARTITION p20210527 VALUES LESS THAN (738303) ENGINE = InnoDB,
 PARTITION p20210528 VALUES LESS THAN (738304) ENGINE = InnoDB,
 PARTITION p20210529 VALUES LESS THAN (738305) ENGINE = InnoDB,
 PARTITION p20210530 VALUES LESS THAN (738306) ENGINE = InnoDB,
 PARTITION p20210531 VALUES LESS THAN (738307) ENGINE = InnoDB,
 PARTITION p20210601 VALUES LESS THAN (738308) ENGINE = InnoDB,
 PARTITION p20210602 VALUES LESS THAN (738309) ENGINE = InnoDB,
 PARTITION p20210603 VALUES LESS THAN (738310) ENGINE = InnoDB,
 PARTITION p20210604 VALUES LESS THAN (738311) ENGINE = InnoDB,
 PARTITION p20210605 VALUES LESS THAN (738312) ENGINE = InnoDB,
 PARTITION p20210606 VALUES LESS THAN (738313) ENGINE = InnoDB,
 PARTITION p20210607 VALUES LESS THAN (738314) ENGINE = InnoDB,
 PARTITION p20210608 VALUES LESS THAN (738315) ENGINE = InnoDB,
 PARTITION p20210609 VALUES LESS THAN (738316) ENGINE = InnoDB,
 PARTITION p20210610 VALUES LESS THAN (738317) ENGINE = InnoDB,
 PARTITION p20210611 VALUES LESS THAN (738318) ENGINE = InnoDB,
 PARTITION p20210612 VALUES LESS THAN (738319) ENGINE = InnoDB,
 PARTITION p20210613 VALUES LESS THAN (738320) ENGINE = InnoDB,
 PARTITION p20210614 VALUES LESS THAN (738321) ENGINE = InnoDB,
 PARTITION p20210615 VALUES LESS THAN (738322) ENGINE = InnoDB,
 PARTITION p20210616 VALUES LESS THAN (738323) ENGINE = InnoDB,
 PARTITION p20210617 VALUES LESS THAN (738324) ENGINE = InnoDB,
 PARTITION p20210618 VALUES LESS THAN (738325) ENGINE = InnoDB,
 PARTITION p20210619 VALUES LESS THAN (738326) ENGINE = InnoDB,
 PARTITION p20210620 VALUES LESS THAN (738327) ENGINE = InnoDB,
 PARTITION p20210621 VALUES LESS THAN (738328) ENGINE = InnoDB) */;

-- ----------------------------
-- Table structure for busi_raw_signal_t_20210618
-- ----------------------------
CREATE TABLE `busi_raw_signal_t_20210618` (
  `id` bigint(20) NOT NULL AUTO_INCREMENT COMMENT 'ID',
  `src_ip` bigint(20) DEFAULT NULL COMMENT '源IP',
  `src_mac` varchar(255) DEFAULT NULL COMMENT '源MAC',
  `src_port` bigint(20) DEFAULT NULL COMMENT '源端口',
  `dst_ip` bigint(20) DEFAULT NULL COMMENT '目的IP',
  `dst_mac` varchar(255) DEFAULT NULL COMMENT '目的MAC',
  `dst_port` bigint(20) DEFAULT NULL COMMENT '目的端口',
  `stamp` datetime NOT NULL COMMENT '时间',
  `request_line_type` varchar(255) DEFAULT NULL,
  `request_line_content` varchar(1000) DEFAULT NULL,
  `from_code` varchar(255) DEFAULT NULL,
  `from_domain` varchar(255) DEFAULT NULL,
  `to_code` varchar(255) DEFAULT NULL,
  `to_domain` varchar(255) DEFAULT NULL,
  `content_length` varchar(50) DEFAULT NULL,
  `contact` varchar(2000) DEFAULT NULL,
  `cseq` varchar(50) DEFAULT NULL,
  `call_id` varchar(2000) DEFAULT NULL,
  `via` varchar(500) DEFAULT NULL,
  `subject` varchar(500) DEFAULT NULL,
  `content_type` varchar(255) DEFAULT NULL,
  `max_forwards` varchar(255) DEFAULT NULL,
  `sip_authenticate` varchar(500) DEFAULT NULL,
  `owner_code` varchar(100) DEFAULT NULL,
  `owner_ip` varchar(100) DEFAULT NULL,
  `device_ip` varchar(100) DEFAULT NULL,
  `action` varchar(10) DEFAULT NULL,
  `content` varchar(4000) DEFAULT NULL,
  `oper_id` bigint(20) DEFAULT NULL,
  `data_size` bigint(20) DEFAULT NULL,
  `start_stamp` datetime DEFAULT NULL,
  `end_stamp` datetime DEFAULT NULL,
  PRIMARY KEY (`id`,`stamp`) USING BTREE
) ENGINE=InnoDB DEFAULT CHARSET=utf8mb4;

-- ----------------------------
-- Table structure for busi_raw_signal_tmp
-- ----------------------------
CREATE TABLE `busi_raw_signal_tmp` (
  `id` bigint(20) NOT NULL AUTO_INCREMENT COMMENT 'ID',
  `src_ip` bigint(20) DEFAULT NULL COMMENT '源IP',
  `src_mac` varchar(255) DEFAULT NULL COMMENT '源MAC',
  `src_port` bigint(20) DEFAULT NULL COMMENT '源端口',
  `dst_ip` bigint(20) DEFAULT NULL COMMENT '目的IP',
  `dst_mac` varchar(255) DEFAULT NULL COMMENT '目的MAC',
  `dst_port` bigint(20) DEFAULT NULL COMMENT '目的端口',
  `stamp` datetime NOT NULL COMMENT '时间',
  `request_line_type` varchar(255) DEFAULT NULL,
  `request_line_content` varchar(1000) DEFAULT NULL,
  `from_code` varchar(255) DEFAULT NULL,
  `from_domain` varchar(255) DEFAULT NULL,
  `to_code` varchar(255) DEFAULT NULL,
  `to_domain` varchar(255) DEFAULT NULL,
  `content_length` varchar(50) DEFAULT NULL,
  `contact` varchar(2000) DEFAULT NULL,
  `cseq` varchar(50) DEFAULT NULL,
  `call_id` varchar(2000) DEFAULT NULL,
  `via` varchar(500) DEFAULT NULL,
  `subject` varchar(500) DEFAULT NULL,
  `content_type` varchar(255) DEFAULT NULL,
  `max_forwards` varchar(255) DEFAULT NULL,
  `sip_authenticate` varchar(500) DEFAULT NULL,
  `owner_code` varchar(100) DEFAULT NULL,
  `owner_ip` varchar(100) DEFAULT NULL,
  `device_ip` varchar(100) DEFAULT NULL,
  `action` varchar(10) DEFAULT NULL,
  `content` varchar(4000) DEFAULT NULL,
  `oper_id` bigint(20) DEFAULT NULL,
  `data_size` bigint(20) DEFAULT NULL,
  `start_stamp` datetime DEFAULT NULL,
  `end_stamp` datetime DEFAULT NULL,
  PRIMARY KEY (`id`,`stamp`) USING BTREE
) ENGINE=InnoDB DEFAULT CHARSET=utf8mb4 ROW_FORMAT=DYNAMIC;

-- ----------------------------
-- Table structure for busi_region
-- ----------------------------
CREATE TABLE `busi_region` (
  `ID` bigint(20) NOT NULL COMMENT '主键',
  `NAME` varchar(50) NOT NULL COMMENT '名称',
  `PARENT_ID` bigint(20) DEFAULT NULL COMMENT '上级区域',
  `SHORT_NAME` varchar(50) NOT NULL COMMENT '名称（简）',
  `LEVEL_TYPE` int(4) NOT NULL COMMENT '层级',
  `MERGER_NAME` varchar(100) NOT NULL COMMENT '全称',
  `PINYIN` varchar(50) NOT NULL COMMENT '拼音',
  PRIMARY KEY (`ID`) USING BTREE,
  KEY `BUSI_REGION_LEVEL_TYPE` (`LEVEL_TYPE`) USING BTREE,
  KEY `BUSI_REGION_NAME` (`NAME`) USING BTREE,
  KEY `BUSI_REGION_PARENT_ID` (`PARENT_ID`) USING BTREE
) ENGINE=InnoDB DEFAULT CHARSET=utf8mb4;

-- ----------------------------
-- Table structure for busi_server
-- ----------------------------
CREATE TABLE `busi_server` (
  `ID` bigint(20) NOT NULL,
  `SERVER_CODE` varchar(200) DEFAULT NULL COMMENT '服务器编号',
  `SERVER_NAME` varchar(100) DEFAULT NULL COMMENT '服务器名称',
  `SERVER_DOMAIN` varchar(100) DEFAULT NULL COMMENT '服务器域名',
  `SERVER_IP` bigint(20) NOT NULL COMMENT '服务器IP',
  `SERVER_PORT` bigint(20) DEFAULT NULL COMMENT '服务器端口',
  `SERVER_MAC` varchar(100) DEFAULT NULL COMMENT '服务器MAC',
  `SERVER_TYPE` varchar(100) DEFAULT NULL COMMENT '服务器类型',
  `IS_RANG_AUDIT` varchar(100) DEFAULT NULL COMMENT '是否开启远程审计',
  `RANG_AUDIT_PORT` varchar(100) DEFAULT NULL COMMENT '远程审计端口',
  `IS_SSH_AUDIT` varchar(100) DEFAULT NULL COMMENT '是否开启ssh审计',
  `SSH_AUDIT_PORT` varchar(100) DEFAULT NULL COMMENT 'ssh审计端口',
  `CREATE_TIME` datetime DEFAULT NULL COMMENT '创建时间',
  `UPDATE_TIME` datetime DEFAULT NULL COMMENT '更新时间',
  `PARENT_ID` bigint(20) DEFAULT NULL COMMENT '父级设备ID',
  `IS_DELETE` int(1) DEFAULT NULL COMMENT '是否删除',
  PRIMARY KEY (`ID`) USING BTREE
) ENGINE=InnoDB DEFAULT CHARSET=utf8mb4;

-- ----------------------------
-- Table structure for busi_server_filter
-- ----------------------------
CREATE TABLE `busi_server_filter` (
  `ID` bigint(20) NOT NULL AUTO_INCREMENT,
  `SERVER_IP` varchar(50) DEFAULT NULL COMMENT '服务器ip',
  PRIMARY KEY (`ID`) USING BTREE,
  KEY `idx_server_ip` (`SERVER_IP`) USING BTREE
) ENGINE=InnoDB DEFAULT CHARSET=utf8mb4;

-- ----------------------------
-- Table structure for busi_server_remark
-- ----------------------------
CREATE TABLE `busi_server_remark` (
  `id` bigint(20) NOT NULL AUTO_INCREMENT COMMENT 'ID',
  `server_name` varchar(255) NOT NULL COMMENT '服务名称',
  `server_ip` bigint(20) NOT NULL COMMENT '服务IP',
  `server_port` bigint(20) NOT NULL COMMENT '服务端口',
  `create_time` datetime DEFAULT NULL COMMENT '创建时间',
  `update_time` datetime DEFAULT NULL COMMENT '更新时间',
  `remark` varchar(255) DEFAULT NULL COMMENT '备注',
  PRIMARY KEY (`id`) USING BTREE
) ENGINE=InnoDB DEFAULT CHARSET=utf8mb4;

-- ----------------------------
-- Table structure for busi_statistics
-- ----------------------------
CREATE TABLE `busi_statistics` (
  `src_ip` bigint(20) NOT NULL COMMENT '源IP',
  `username` varchar(50) DEFAULT NULL COMMENT '用户名',
  `dst_code` varchar(50) NOT NULL COMMENT '摄像头编码',
  `stamp` date NOT NULL COMMENT '时间',
  `action` int(11) NOT NULL COMMENT '操作行为',
  `count` bigint(20) DEFAULT '1' COMMENT '次数',
  UNIQUE KEY `src_ip` (`src_ip`,`username`,`dst_code`,`stamp`,`action`) USING BTREE,
  KEY `idx_dst_code` (`dst_code`) USING BTREE,
  KEY `idx_src_ip` (`src_ip`) USING BTREE,
  KEY `idx_username` (`username`) USING BTREE
) ENGINE=InnoDB DEFAULT CHARSET=utf8mb4;

-- ----------------------------
-- Table structure for gen_table
-- ----------------------------
CREATE TABLE `gen_table` (
  `table_id` bigint(20) NOT NULL AUTO_INCREMENT COMMENT '编号',
  `table_name` varchar(200) DEFAULT '' COMMENT '表名称',
  `table_comment` varchar(500) DEFAULT '' COMMENT '表描述',
  `sub_table_name` varchar(64) DEFAULT NULL COMMENT '关联子表的表名',
  `sub_table_fk_name` varchar(64) DEFAULT NULL COMMENT '子表关联的外键名',
  `class_name` varchar(100) DEFAULT '' COMMENT '实体类名称',
  `tpl_category` varchar(200) DEFAULT 'crud' COMMENT '使用的模板（crud单表操作 tree树表操作 sub主子表操作）',
  `package_name` varchar(100) DEFAULT NULL COMMENT '生成包路径',
  `module_name` varchar(30) DEFAULT NULL COMMENT '生成模块名',
  `business_name` varchar(30) DEFAULT NULL COMMENT '生成业务名',
  `function_name` varchar(50) DEFAULT NULL COMMENT '生成功能名',
  `function_author` varchar(50) DEFAULT NULL COMMENT '生成功能作者',
  `gen_type` char(1) DEFAULT '0' COMMENT '生成代码方式（0zip压缩包 1自定义路径）',
  `gen_path` varchar(200) DEFAULT '/' COMMENT '生成路径（不填默认项目路径）',
  `options` varchar(1000) DEFAULT NULL COMMENT '其它生成选项',
  `create_by` varchar(64) DEFAULT '' COMMENT '创建者',
  `create_time` datetime DEFAULT NULL COMMENT '创建时间',
  `update_by` varchar(64) DEFAULT '' COMMENT '更新者',
  `update_time` datetime DEFAULT NULL COMMENT '更新时间',
  `remark` varchar(500) DEFAULT NULL COMMENT '备注',
  PRIMARY KEY (`table_id`) USING BTREE
) ENGINE=InnoDB DEFAULT CHARSET=utf8mb4 COMMENT='代码生成业务表';

-- ----------------------------
-- Table structure for gen_table_column
-- ----------------------------
CREATE TABLE `gen_table_column` (
  `column_id` bigint(20) NOT NULL AUTO_INCREMENT COMMENT '编号',
  `table_id` varchar(64) DEFAULT NULL COMMENT '归属表编号',
  `column_name` varchar(200) DEFAULT NULL COMMENT '列名称',
  `column_comment` varchar(500) DEFAULT NULL COMMENT '列描述',
  `column_type` varchar(100) DEFAULT NULL COMMENT '列类型',
  `java_type` varchar(500) DEFAULT NULL COMMENT 'JAVA类型',
  `java_field` varchar(200) DEFAULT NULL COMMENT 'JAVA字段名',
  `is_pk` char(1) DEFAULT NULL COMMENT '是否主键（1是）',
  `is_increment` char(1) DEFAULT NULL COMMENT '是否自增（1是）',
  `is_required` char(1) DEFAULT NULL COMMENT '是否必填（1是）',
  `is_insert` char(1) DEFAULT NULL COMMENT '是否为插入字段（1是）',
  `is_edit` char(1) DEFAULT NULL COMMENT '是否编辑字段（1是）',
  `is_list` char(1) DEFAULT NULL COMMENT '是否列表字段（1是）',
  `is_query` char(1) DEFAULT NULL COMMENT '是否查询字段（1是）',
  `query_type` varchar(200) DEFAULT 'EQ' COMMENT '查询方式（等于、不等于、大于、小于、范围）',
  `html_type` varchar(200) DEFAULT NULL COMMENT '显示类型（文本框、文本域、下拉框、复选框、单选框、日期控件）',
  `dict_type` varchar(200) DEFAULT '' COMMENT '字典类型',
  `sort` int(11) DEFAULT NULL COMMENT '排序',
  `create_by` varchar(64) DEFAULT '' COMMENT '创建者',
  `create_time` datetime DEFAULT NULL COMMENT '创建时间',
  `update_by` varchar(64) DEFAULT '' COMMENT '更新者',
  `update_time` datetime DEFAULT NULL COMMENT '更新时间',
  PRIMARY KEY (`column_id`) USING BTREE
) ENGINE=InnoDB DEFAULT CHARSET=utf8mb4 COMMENT='代码生成业务表字段';

-- ----------------------------
-- Table structure for http_per_event
-- ----------------------------
CREATE TABLE `http_per_event` (
  `id` bigint(20) NOT NULL AUTO_INCREMENT COMMENT 'id',
  `http_url` varchar(4000) DEFAULT NULL COMMENT '访问地址',
  `ip_address` bigint(20) DEFAULT NULL COMMENT '终端IP',
  `event_source` varchar(100) DEFAULT NULL COMMENT '事件来源',
  `http_status` varchar(255) DEFAULT NULL COMMENT '接口执行状态',
  `event_level` varchar(20) DEFAULT NULL COMMENT '告警等级',
  `event_status` tinyint(1) DEFAULT NULL COMMENT '告警状态',
  `http_response_time` varchar(50) DEFAULT NULL COMMENT '响应时长(ms)',
  `http_stamp` datetime DEFAULT NULL COMMENT '接口数据时间',
  `event_stamp` datetime DEFAULT NULL COMMENT '告警事件生成时间',
  PRIMARY KEY (`id`) USING BTREE
) ENGINE=InnoDB DEFAULT CHARSET=utf8mb4;

-- ----------------------------
-- Table structure for qrtz_blob_triggers
-- ----------------------------
CREATE TABLE `qrtz_blob_triggers` (
  `sched_name` varchar(120) NOT NULL,
  `trigger_name` varchar(200) NOT NULL,
  `trigger_group` varchar(200) NOT NULL,
  `blob_data` blob,
  PRIMARY KEY (`sched_name`,`trigger_name`,`trigger_group`) USING BTREE,
  CONSTRAINT `qrtz_blob_triggers_ibfk_1` FOREIGN KEY (`sched_name`, `trigger_name`, `trigger_group`) REFERENCES `qrtz_triggers` (`sched_name`, `trigger_name`, `trigger_group`)
) ENGINE=InnoDB DEFAULT CHARSET=utf8mb4;

-- ----------------------------
-- Table structure for qrtz_calendars
-- ----------------------------
CREATE TABLE `qrtz_calendars` (
  `sched_name` varchar(120) NOT NULL,
  `calendar_name` varchar(200) NOT NULL,
  `calendar` blob NOT NULL,
  PRIMARY KEY (`sched_name`,`calendar_name`) USING BTREE
) ENGINE=InnoDB DEFAULT CHARSET=utf8mb4;

-- ----------------------------
-- Table structure for qrtz_cron_triggers
-- ----------------------------
CREATE TABLE `qrtz_cron_triggers` (
  `sched_name` varchar(120) NOT NULL,
  `trigger_name` varchar(200) NOT NULL,
  `trigger_group` varchar(200) NOT NULL,
  `cron_expression` varchar(200) NOT NULL,
  `time_zone_id` varchar(80) DEFAULT NULL,
  PRIMARY KEY (`sched_name`,`trigger_name`,`trigger_group`) USING BTREE,
  CONSTRAINT `qrtz_cron_triggers_ibfk_1` FOREIGN KEY (`sched_name`, `trigger_name`, `trigger_group`) REFERENCES `qrtz_triggers` (`sched_name`, `trigger_name`, `trigger_group`)
) ENGINE=InnoDB DEFAULT CHARSET=utf8mb4;

-- ----------------------------
-- Table structure for qrtz_fired_triggers
-- ----------------------------
CREATE TABLE `qrtz_fired_triggers` (
  `sched_name` varchar(120) NOT NULL,
  `entry_id` varchar(95) NOT NULL,
  `trigger_name` varchar(200) NOT NULL,
  `trigger_group` varchar(200) NOT NULL,
  `instance_name` varchar(200) NOT NULL,
  `fired_time` bigint(13) NOT NULL,
  `sched_time` bigint(13) NOT NULL,
  `priority` int(11) NOT NULL,
  `state` varchar(16) NOT NULL,
  `job_name` varchar(200) DEFAULT NULL,
  `job_group` varchar(200) DEFAULT NULL,
  `is_nonconcurrent` varchar(1) DEFAULT NULL,
  `requests_recovery` varchar(1) DEFAULT NULL,
  PRIMARY KEY (`sched_name`,`entry_id`) USING BTREE
) ENGINE=InnoDB DEFAULT CHARSET=utf8mb4;

-- ----------------------------
-- Table structure for qrtz_job_details
-- ----------------------------
CREATE TABLE `qrtz_job_details` (
  `sched_name` varchar(120) NOT NULL,
  `job_name` varchar(200) NOT NULL,
  `job_group` varchar(200) NOT NULL,
  `description` varchar(250) DEFAULT NULL,
  `job_class_name` varchar(250) NOT NULL,
  `is_durable` varchar(1) NOT NULL,
  `is_nonconcurrent` varchar(1) NOT NULL,
  `is_update_data` varchar(1) NOT NULL,
  `requests_recovery` varchar(1) NOT NULL,
  `job_data` blob,
  PRIMARY KEY (`sched_name`,`job_name`,`job_group`) USING BTREE
) ENGINE=InnoDB DEFAULT CHARSET=utf8mb4;

-- ----------------------------
-- Table structure for qrtz_locks
-- ----------------------------
CREATE TABLE `qrtz_locks` (
  `sched_name` varchar(120) NOT NULL,
  `lock_name` varchar(40) NOT NULL,
  PRIMARY KEY (`sched_name`,`lock_name`) USING BTREE
) ENGINE=InnoDB DEFAULT CHARSET=utf8mb4;

-- ----------------------------
-- Table structure for qrtz_paused_trigger_grps
-- ----------------------------
CREATE TABLE `qrtz_paused_trigger_grps` (
  `sched_name` varchar(120) NOT NULL,
  `trigger_group` varchar(200) NOT NULL,
  PRIMARY KEY (`sched_name`,`trigger_group`) USING BTREE
) ENGINE=InnoDB DEFAULT CHARSET=utf8mb4;

-- ----------------------------
-- Table structure for qrtz_scheduler_state
-- ----------------------------
CREATE TABLE `qrtz_scheduler_state` (
  `sched_name` varchar(120) NOT NULL,
  `instance_name` varchar(200) NOT NULL,
  `last_checkin_time` bigint(13) NOT NULL,
  `checkin_interval` bigint(13) NOT NULL,
  PRIMARY KEY (`sched_name`,`instance_name`) USING BTREE
) ENGINE=InnoDB DEFAULT CHARSET=utf8mb4;

-- ----------------------------
-- Table structure for qrtz_simple_triggers
-- ----------------------------
CREATE TABLE `qrtz_simple_triggers` (
  `sched_name` varchar(120) NOT NULL,
  `trigger_name` varchar(200) NOT NULL,
  `trigger_group` varchar(200) NOT NULL,
  `repeat_count` bigint(7) NOT NULL,
  `repeat_interval` bigint(12) NOT NULL,
  `times_triggered` bigint(10) NOT NULL,
  PRIMARY KEY (`sched_name`,`trigger_name`,`trigger_group`) USING BTREE,
  CONSTRAINT `qrtz_simple_triggers_ibfk_1` FOREIGN KEY (`sched_name`, `trigger_name`, `trigger_group`) REFERENCES `qrtz_triggers` (`sched_name`, `trigger_name`, `trigger_group`)
) ENGINE=InnoDB DEFAULT CHARSET=utf8mb4;

-- ----------------------------
-- Table structure for qrtz_simprop_triggers
-- ----------------------------
CREATE TABLE `qrtz_simprop_triggers` (
  `sched_name` varchar(120) NOT NULL,
  `trigger_name` varchar(200) NOT NULL,
  `trigger_group` varchar(200) NOT NULL,
  `str_prop_1` varchar(512) DEFAULT NULL,
  `str_prop_2` varchar(512) DEFAULT NULL,
  `str_prop_3` varchar(512) DEFAULT NULL,
  `int_prop_1` int(11) DEFAULT NULL,
  `int_prop_2` int(11) DEFAULT NULL,
  `long_prop_1` bigint(20) DEFAULT NULL,
  `long_prop_2` bigint(20) DEFAULT NULL,
  `dec_prop_1` decimal(13,4) DEFAULT NULL,
  `dec_prop_2` decimal(13,4) DEFAULT NULL,
  `bool_prop_1` varchar(1) DEFAULT NULL,
  `bool_prop_2` varchar(1) DEFAULT NULL,
  PRIMARY KEY (`sched_name`,`trigger_name`,`trigger_group`) USING BTREE,
  CONSTRAINT `qrtz_simprop_triggers_ibfk_1` FOREIGN KEY (`sched_name`, `trigger_name`, `trigger_group`) REFERENCES `qrtz_triggers` (`sched_name`, `trigger_name`, `trigger_group`)
) ENGINE=InnoDB DEFAULT CHARSET=utf8mb4;

-- ----------------------------
-- Table structure for qrtz_triggers
-- ----------------------------
CREATE TABLE `qrtz_triggers` (
  `sched_name` varchar(120) NOT NULL,
  `trigger_name` varchar(200) NOT NULL,
  `trigger_group` varchar(200) NOT NULL,
  `job_name` varchar(200) NOT NULL,
  `job_group` varchar(200) NOT NULL,
  `description` varchar(250) DEFAULT NULL,
  `next_fire_time` bigint(13) DEFAULT NULL,
  `prev_fire_time` bigint(13) DEFAULT NULL,
  `priority` int(11) DEFAULT NULL,
  `trigger_state` varchar(16) NOT NULL,
  `trigger_type` varchar(8) NOT NULL,
  `start_time` bigint(13) NOT NULL,
  `end_time` bigint(13) DEFAULT NULL,
  `calendar_name` varchar(200) DEFAULT NULL,
  `misfire_instr` smallint(2) DEFAULT NULL,
  `job_data` blob,
  PRIMARY KEY (`sched_name`,`trigger_name`,`trigger_group`) USING BTREE,
  KEY `sched_name` (`sched_name`,`job_name`,`job_group`) USING BTREE,
  CONSTRAINT `qrtz_triggers_ibfk_1` FOREIGN KEY (`sched_name`, `job_name`, `job_group`) REFERENCES `qrtz_job_details` (`sched_name`, `job_name`, `job_group`)
) ENGINE=InnoDB DEFAULT CHARSET=utf8mb4;

-- ----------------------------
-- Table structure for sys_config
-- ----------------------------
CREATE TABLE `sys_config` (
  `config_id` int(5) NOT NULL AUTO_INCREMENT COMMENT '参数主键',
  `config_name` varchar(100) DEFAULT '' COMMENT '参数名称',
  `config_key` varchar(100) DEFAULT '' COMMENT '参数键名',
  `config_value` varchar(500) DEFAULT '' COMMENT '参数键值',
  `config_type` char(1) DEFAULT 'N' COMMENT '系统内置（Y是 N否）',
  `create_by` varchar(64) DEFAULT '' COMMENT '创建者',
  `create_time` datetime DEFAULT NULL COMMENT '创建时间',
  `update_by` varchar(64) DEFAULT '' COMMENT '更新者',
  `update_time` datetime DEFAULT NULL COMMENT '更新时间',
  `remark` varchar(500) DEFAULT NULL COMMENT '备注',
  PRIMARY KEY (`config_id`) USING BTREE
) ENGINE=InnoDB AUTO_INCREMENT=10 DEFAULT CHARSET=utf8mb4 COMMENT='参数配置表';

-- ----------------------------
-- Table structure for sys_dept
-- ----------------------------
CREATE TABLE `sys_dept` (
  `dept_id` bigint(20) NOT NULL AUTO_INCREMENT COMMENT '部门id',
  `parent_id` bigint(20) DEFAULT '0' COMMENT '父部门id',
  `ancestors` varchar(50) DEFAULT '' COMMENT '祖级列表',
  `dept_name` varchar(30) DEFAULT '' COMMENT '部门名称',
  `order_num` int(4) DEFAULT '0' COMMENT '显示顺序',
  `leader` varchar(20) DEFAULT NULL COMMENT '负责人',
  `phone` varchar(11) DEFAULT NULL COMMENT '联系电话',
  `email` varchar(50) DEFAULT NULL COMMENT '邮箱',
  `status` char(1) DEFAULT '0' COMMENT '部门状态（0正常 1停用）',
  `del_flag` char(1) DEFAULT '0' COMMENT '删除标志（0代表存在 2代表删除）',
  `create_by` varchar(64) DEFAULT '' COMMENT '创建者',
  `create_time` datetime DEFAULT NULL COMMENT '创建时间',
  `update_by` varchar(64) DEFAULT '' COMMENT '更新者',
  `update_time` datetime DEFAULT NULL COMMENT '更新时间',
  PRIMARY KEY (`dept_id`) USING BTREE
) ENGINE=InnoDB AUTO_INCREMENT=110 DEFAULT CHARSET=utf8mb4 COMMENT='部门表';

-- ----------------------------
-- Table structure for sys_dict_data
-- ----------------------------
CREATE TABLE `sys_dict_data` (
  `dict_code` bigint(20) NOT NULL AUTO_INCREMENT COMMENT '字典编码',
  `dict_sort` int(11) DEFAULT '0' COMMENT '字典排序',
  `dict_label` varchar(100) DEFAULT '' COMMENT '字典标签',
  `dict_value` varchar(100) DEFAULT '' COMMENT '字典键值',
  `dict_type` varchar(100) DEFAULT '' COMMENT '字典类型',
  `css_class` varchar(100) DEFAULT NULL COMMENT '样式属性（其他样式扩展）',
  `list_class` varchar(100) DEFAULT NULL COMMENT '表格回显样式',
  `is_default` char(1) DEFAULT 'N' COMMENT '是否默认（Y是 N否）',
  `status` char(1) DEFAULT '0' COMMENT '状态（0正常 1停用）',
  `create_by` varchar(64) DEFAULT '' COMMENT '创建者',
  `create_time` datetime DEFAULT NULL COMMENT '创建时间',
  `update_by` varchar(64) DEFAULT '' COMMENT '更新者',
  `update_time` datetime DEFAULT NULL COMMENT '更新时间',
  `remark` varchar(500) DEFAULT NULL COMMENT '备注',
  PRIMARY KEY (`dict_code`) USING BTREE
) ENGINE=InnoDB AUTO_INCREMENT=53 DEFAULT CHARSET=utf8mb4 COMMENT='字典数据表';

-- ----------------------------
-- Table structure for sys_dict_type
-- ----------------------------
CREATE TABLE `sys_dict_type` (
  `dict_id` bigint(20) NOT NULL AUTO_INCREMENT COMMENT '字典主键',
  `dict_name` varchar(100) DEFAULT '' COMMENT '字典名称',
  `dict_type` varchar(100) DEFAULT '' COMMENT '字典类型',
  `status` char(1) DEFAULT '0' COMMENT '状态（0正常 1停用）',
  `create_by` varchar(64) DEFAULT '' COMMENT '创建者',
  `create_time` datetime DEFAULT NULL COMMENT '创建时间',
  `update_by` varchar(64) DEFAULT '' COMMENT '更新者',
  `update_time` datetime DEFAULT NULL COMMENT '更新时间',
  `remark` varchar(500) DEFAULT NULL COMMENT '备注',
  PRIMARY KEY (`dict_id`) USING BTREE,
  UNIQUE KEY `dict_type` (`dict_type`) USING BTREE
) ENGINE=InnoDB AUTO_INCREMENT=13 DEFAULT CHARSET=utf8mb4 COMMENT='字典类型表';

-- ----------------------------
-- Table structure for sys_job
-- ----------------------------
CREATE TABLE `sys_job` (
  `job_id` bigint(20) NOT NULL AUTO_INCREMENT COMMENT '任务ID',
  `job_name` varchar(64) NOT NULL DEFAULT '' COMMENT '任务名称',
  `job_group` varchar(64) NOT NULL DEFAULT 'DEFAULT' COMMENT '任务组名',
  `invoke_target` varchar(500) NOT NULL COMMENT '调用目标字符串',
  `cron_expression` varchar(255) DEFAULT '' COMMENT 'cron执行表达式',
  `misfire_policy` varchar(20) DEFAULT '3' COMMENT '计划执行错误策略（1立即执行 2执行一次 3放弃执行）',
  `concurrent` char(1) DEFAULT '1' COMMENT '是否并发执行（0允许 1禁止）',
  `status` char(1) DEFAULT '0' COMMENT '状态（0正常 1暂停）',
  `create_by` varchar(64) DEFAULT '' COMMENT '创建者',
  `create_time` datetime DEFAULT NULL COMMENT '创建时间',
  `update_by` varchar(64) DEFAULT '' COMMENT '更新者',
  `update_time` datetime DEFAULT NULL COMMENT '更新时间',
  `remark` varchar(500) DEFAULT '' COMMENT '备注信息',
  PRIMARY KEY (`job_id`,`job_name`,`job_group`) USING BTREE
) ENGINE=InnoDB AUTO_INCREMENT=9 DEFAULT CHARSET=utf8mb4 COMMENT='定时任务调度表';

-- ----------------------------
-- Table structure for sys_job_log
-- ----------------------------
CREATE TABLE `sys_job_log` (
  `job_log_id` bigint(20) NOT NULL AUTO_INCREMENT COMMENT '任务日志ID',
  `job_name` varchar(64) NOT NULL COMMENT '任务名称',
  `job_group` varchar(64) NOT NULL COMMENT '任务组名',
  `invoke_target` varchar(500) NOT NULL COMMENT '调用目标字符串',
  `job_message` varchar(500) DEFAULT NULL COMMENT '日志信息',
  `status` char(1) DEFAULT '0' COMMENT '执行状态（0正常 1失败）',
  `exception_info` varchar(2000) DEFAULT '' COMMENT '异常信息',
  `create_time` datetime DEFAULT NULL COMMENT '创建时间',
  PRIMARY KEY (`job_log_id`) USING BTREE
) ENGINE=InnoDB AUTO_INCREMENT=2031 DEFAULT CHARSET=utf8mb4 COMMENT='定时任务调度日志表';

-- ----------------------------
-- Table structure for sys_logininfor
-- ----------------------------
CREATE TABLE `sys_logininfor` (
  `info_id` bigint(20) NOT NULL AUTO_INCREMENT COMMENT '访问ID',
  `login_name` varchar(50) DEFAULT '' COMMENT '登录账号',
  `ipaddr` varchar(50) DEFAULT '' COMMENT '登录IP地址',
  `login_location` varchar(255) DEFAULT '' COMMENT '登录地点',
  `browser` varchar(50) DEFAULT '' COMMENT '浏览器类型',
  `os` varchar(50) DEFAULT '' COMMENT '操作系统',
  `status` char(1) DEFAULT '0' COMMENT '登录状态（0成功 1失败）',
  `msg` varchar(255) DEFAULT '' COMMENT '提示消息',
  `login_time` datetime DEFAULT NULL COMMENT '访问时间',
  `user_name` varchar(50) DEFAULT NULL,
  PRIMARY KEY (`info_id`) USING BTREE
) ENGINE=InnoDB AUTO_INCREMENT=155 DEFAULT CHARSET=utf8mb4 COMMENT='系统访问记录';

-- ----------------------------
-- Table structure for sys_menu
-- ----------------------------
CREATE TABLE `sys_menu` (
  `menu_id` bigint(20) NOT NULL AUTO_INCREMENT COMMENT '菜单ID',
  `menu_name` varchar(50) NOT NULL COMMENT '菜单名称',
  `parent_id` bigint(20) DEFAULT '0' COMMENT '父菜单ID',
  `order_num` int(4) DEFAULT '0' COMMENT '显示顺序',
  `path` varchar(200) DEFAULT '' COMMENT '路由地址',
  `component` varchar(255) DEFAULT NULL COMMENT '组件路径',
  `is_frame` int(1) DEFAULT '1' COMMENT '是否为外链（0是 1否）',
  `menu_type` char(1) DEFAULT '' COMMENT '菜单类型（M目录 C菜单 F按钮）',
  `visible` char(1) DEFAULT '0' COMMENT '菜单状态（0显示 1隐藏）',
  `status` char(1) DEFAULT '0' COMMENT '菜单状态（0正常 1停用）',
  `perms` varchar(100) DEFAULT NULL COMMENT '权限标识',
  `icon` varchar(100) DEFAULT '#' COMMENT '菜单图标',
  `create_by` varchar(64) DEFAULT '' COMMENT '创建者',
  `create_time` datetime DEFAULT NULL COMMENT '创建时间',
  `update_by` varchar(64) DEFAULT '' COMMENT '更新者',
  `update_time` datetime DEFAULT NULL COMMENT '更新时间',
  `remark` varchar(500) DEFAULT '' COMMENT '备注',
  PRIMARY KEY (`menu_id`) USING BTREE
) ENGINE=InnoDB AUTO_INCREMENT=1061 DEFAULT CHARSET=utf8mb4 COMMENT='菜单权限表';

-- ----------------------------
-- Table structure for sys_notice
-- ----------------------------
CREATE TABLE `sys_notice` (
  `notice_id` int(4) NOT NULL AUTO_INCREMENT COMMENT '公告ID',
  `notice_title` varchar(50) NOT NULL COMMENT '公告标题',
  `notice_type` char(1) NOT NULL COMMENT '公告类型（1通知 2公告）',
  `notice_content` varchar(2000) DEFAULT NULL COMMENT '公告内容',
  `status` char(1) DEFAULT '0' COMMENT '公告状态（0正常 1关闭）',
  `create_by` varchar(64) DEFAULT '' COMMENT '创建者',
  `create_time` datetime DEFAULT NULL COMMENT '创建时间',
  `update_by` varchar(64) DEFAULT '' COMMENT '更新者',
  `update_time` datetime DEFAULT NULL COMMENT '更新时间',
  `remark` varchar(255) DEFAULT NULL COMMENT '备注',
  PRIMARY KEY (`notice_id`) USING BTREE
) ENGINE=InnoDB AUTO_INCREMENT=3 DEFAULT CHARSET=utf8mb4 COMMENT='通知公告表';

-- ----------------------------
-- Table structure for sys_oper_log
-- ----------------------------
CREATE TABLE `sys_oper_log` (
  `oper_id` bigint(20) NOT NULL AUTO_INCREMENT COMMENT '日志主键',
  `title` varchar(50) DEFAULT '' COMMENT '模块标题',
  `business_type` int(2) DEFAULT '0' COMMENT '业务类型（0其它 1新增 2修改 3删除）',
  `method` varchar(100) DEFAULT '' COMMENT '方法名称',
  `request_method` varchar(10) DEFAULT '' COMMENT '请求方式',
  `operator_type` int(1) DEFAULT '0' COMMENT '操作类别（0其它 1后台用户 2手机端用户）',
  `oper_name` varchar(50) DEFAULT '' COMMENT '操作人员',
  `dept_name` varchar(50) DEFAULT '' COMMENT '部门名称',
  `oper_url` varchar(255) DEFAULT '' COMMENT '请求URL',
  `oper_ip` varchar(50) DEFAULT '' COMMENT '主机地址',
  `oper_location` varchar(255) DEFAULT '' COMMENT '操作地点',
  `oper_param` varchar(2000) DEFAULT '' COMMENT '请求参数',
  `json_result` varchar(2000) DEFAULT '' COMMENT '返回参数',
  `status` int(1) DEFAULT '0' COMMENT '操作状态（0正常 1异常）',
  `error_msg` varchar(2000) DEFAULT '' COMMENT '错误消息',
  `oper_time` datetime DEFAULT NULL COMMENT '操作时间',
  PRIMARY KEY (`oper_id`) USING BTREE
) ENGINE=InnoDB DEFAULT CHARSET=utf8mb4 COMMENT='操作日志记录';

-- ----------------------------
-- Table structure for sys_post
-- ----------------------------
CREATE TABLE `sys_post` (
  `post_id` bigint(20) NOT NULL AUTO_INCREMENT COMMENT '岗位ID',
  `post_code` varchar(64) NOT NULL COMMENT '岗位编码',
  `post_name` varchar(50) NOT NULL COMMENT '岗位名称',
  `post_sort` int(4) NOT NULL COMMENT '显示顺序',
  `status` char(1) NOT NULL COMMENT '状态（0正常 1停用）',
  `create_by` varchar(64) DEFAULT '' COMMENT '创建者',
  `create_time` datetime DEFAULT NULL COMMENT '创建时间',
  `update_by` varchar(64) DEFAULT '' COMMENT '更新者',
  `update_time` datetime DEFAULT NULL COMMENT '更新时间',
  `remark` varchar(500) DEFAULT NULL COMMENT '备注',
  PRIMARY KEY (`post_id`) USING BTREE
) ENGINE=InnoDB AUTO_INCREMENT=5 DEFAULT CHARSET=utf8mb4 COMMENT='岗位信息表';

-- ----------------------------
-- Table structure for sys_role
-- ----------------------------
CREATE TABLE `sys_role` (
  `role_id` bigint(20) NOT NULL AUTO_INCREMENT COMMENT '角色ID',
  `role_name` varchar(30) NOT NULL COMMENT '角色名称',
  `role_key` varchar(100) NOT NULL COMMENT '角色权限字符串',
  `role_sort` int(4) NOT NULL COMMENT '显示顺序',
  `data_scope` char(1) DEFAULT '1' COMMENT '数据范围（1：全部数据权限 2：自定数据权限 3：本部门数据权限 4：本部门及以下数据权限）',
  `status` char(1) NOT NULL COMMENT '角色状态（0正常 1停用）',
  `del_flag` char(1) DEFAULT '0' COMMENT '删除标志（0代表存在 2代表删除）',
  `create_by` varchar(64) DEFAULT '' COMMENT '创建者',
  `create_time` datetime DEFAULT NULL COMMENT '创建时间',
  `update_by` varchar(64) DEFAULT '' COMMENT '更新者',
  `update_time` datetime DEFAULT NULL COMMENT '更新时间',
  `remark` varchar(500) DEFAULT NULL COMMENT '备注',
  PRIMARY KEY (`role_id`) USING BTREE
) ENGINE=InnoDB AUTO_INCREMENT=3 DEFAULT CHARSET=utf8mb4 COMMENT='角色信息表';

-- ----------------------------
-- Table structure for sys_role_dept
-- ----------------------------
CREATE TABLE `sys_role_dept` (
  `role_id` bigint(20) NOT NULL COMMENT '角色ID',
  `dept_id` bigint(20) NOT NULL COMMENT '部门ID',
  PRIMARY KEY (`role_id`,`dept_id`) USING BTREE
) ENGINE=InnoDB DEFAULT CHARSET=utf8mb4 COMMENT='角色和部门关联表';

-- ----------------------------
-- Table structure for sys_role_menu
-- ----------------------------
CREATE TABLE `sys_role_menu` (
  `role_id` bigint(20) NOT NULL COMMENT '角色ID',
  `menu_id` bigint(20) NOT NULL COMMENT '菜单ID',
  PRIMARY KEY (`role_id`,`menu_id`) USING BTREE
) ENGINE=InnoDB DEFAULT CHARSET=utf8mb4 COMMENT='角色和菜单关联表';

-- ----------------------------
-- Table structure for sys_user
-- ----------------------------
CREATE TABLE `sys_user` (
  `user_id` bigint(20) NOT NULL AUTO_INCREMENT COMMENT '用户ID',
  `dept_id` bigint(20) DEFAULT NULL COMMENT '部门ID',
  `user_name` varchar(30) NOT NULL COMMENT '用户账号',
  `nick_name` varchar(30) NOT NULL COMMENT '用户昵称',
  `user_type` varchar(2) DEFAULT '00' COMMENT '用户类型（00系统用户）',
  `email` varchar(50) DEFAULT '' COMMENT '用户邮箱',
  `phonenumber` varchar(11) DEFAULT '' COMMENT '手机号码',
  `sex` char(1) DEFAULT '0' COMMENT '用户性别（0男 1女 2未知）',
  `avatar` varchar(100) DEFAULT '' COMMENT '头像地址',
  `password` varchar(100) DEFAULT '' COMMENT '密码',
  `status` char(1) DEFAULT '0' COMMENT '帐号状态（0正常 1停用）',
  `del_flag` char(1) DEFAULT '0' COMMENT '删除标志（0代表存在 2代表删除）',
  `login_ip` varchar(50) DEFAULT '' COMMENT '最后登陆IP',
  `login_date` datetime DEFAULT NULL COMMENT '最后登陆时间',
  `create_by` varchar(64) DEFAULT '' COMMENT '创建者',
  `create_time` datetime DEFAULT NULL COMMENT '创建时间',
  `update_by` varchar(64) DEFAULT '' COMMENT '更新者',
  `update_time` datetime DEFAULT NULL COMMENT '更新时间',
  `remark` varchar(500) DEFAULT NULL COMMENT '备注',
  PRIMARY KEY (`user_id`) USING BTREE
) ENGINE=InnoDB AUTO_INCREMENT=3 DEFAULT CHARSET=utf8mb4 COMMENT='用户信息表';

-- ----------------------------
-- Table structure for sys_user_online
-- ----------------------------
CREATE TABLE `sys_user_online` (
  `sessionId` varchar(50) NOT NULL DEFAULT '' COMMENT '用户会话id',
  `login_name` varchar(50) DEFAULT '' COMMENT '登录账号',
  `dept_name` varchar(50) DEFAULT '' COMMENT '部门名称',
  `ipaddr` varchar(50) DEFAULT '' COMMENT '登录IP地址',
  `login_location` varchar(255) DEFAULT '' COMMENT '登录地点',
  `browser` varchar(50) DEFAULT '' COMMENT '浏览器类型',
  `os` varchar(50) DEFAULT '' COMMENT '操作系统',
  `status` varchar(10) DEFAULT '' COMMENT '在线状态on_line在线off_line离线',
  `start_timestamp` datetime DEFAULT NULL COMMENT 'session创建时间',
  `last_access_time` datetime DEFAULT NULL COMMENT 'session最后访问时间',
  `expire_time` int(5) DEFAULT '0' COMMENT '超时时间，单位为分钟',
  PRIMARY KEY (`sessionId`) USING BTREE
) ENGINE=InnoDB DEFAULT CHARSET=utf8mb4 COMMENT='在线用户记录';

-- ----------------------------
-- Table structure for sys_user_post
-- ----------------------------
CREATE TABLE `sys_user_post` (
  `user_id` bigint(20) NOT NULL COMMENT '用户ID',
  `post_id` bigint(20) NOT NULL COMMENT '岗位ID',
  PRIMARY KEY (`user_id`,`post_id`) USING BTREE
) ENGINE=InnoDB DEFAULT CHARSET=utf8mb4 COMMENT='用户与岗位关联表';

-- ----------------------------
-- Table structure for sys_user_role
-- ----------------------------
CREATE TABLE `sys_user_role` (
  `user_id` bigint(20) NOT NULL COMMENT '用户ID',
  `role_id` bigint(20) NOT NULL COMMENT '角色ID',
  PRIMARY KEY (`user_id`,`role_id`) USING BTREE
) ENGINE=InnoDB DEFAULT CHARSET=utf8mb4 COMMENT='用户和角色关联表';


INSERT INTO `sys_config` VALUES (1, '主框架页-默认皮肤样式名称', 'sys.index.skinName', 'skin-blue', 'Y', 'admin', '2021-01-06 17:21:05', '', NULL, '蓝色 skin-blue、绿色 skin-green、紫色 skin-purple、红色 skin-red、黄色 skin-yellow');
INSERT INTO `sys_config` VALUES (2, '用户管理-账号初始密码', 'sys.user.initPassword', '123456', 'Y', 'admin', '2021-01-06 17:21:05', '', NULL, '初始化密码 123456');
INSERT INTO `sys_config` VALUES (3, '主框架页-侧边栏主题', 'sys.index.sideTheme', 'theme-dark', 'Y', 'admin', '2021-01-06 17:21:05', '', NULL, '深黑主题theme-dark，浅色主题theme-light，深蓝主题theme-blue');
INSERT INTO `sys_config` VALUES (4, '账号自助-是否开启用户注册功能', 'sys.account.registerUser', 'false', 'Y', 'admin', '2021-01-06 17:21:05', '', NULL, '是否开启注册用户功能（true开启，false关闭）');
INSERT INTO `sys_config` VALUES (5, '用户管理-密码字符范围', 'sys.account.chrtype', '0', 'Y', 'admin', '2021-01-06 17:21:05', '', NULL, '默认任意字符范围，0任意（密码可以输入任意字符），1数字（密码只能为0-9数字），2英文字母（密码只能为a-z和A-Z字母），3字母和数字（密码必须包含字母，数字）,4字母数字和特殊字符（目前支持的特殊字符包括：~!@#$%^&*()-=_+）');
INSERT INTO `sys_config` VALUES (6, '用户管理-初始密码修改策略', 'sys.account.initPasswordModify', '0', 'Y', 'admin', '2021-01-06 17:21:05', '', NULL, '0：初始密码修改策略关闭，没有任何提示，1：提醒用户，如果未修改初始密码，则在登录时就会提醒修改密码对话框');
INSERT INTO `sys_config` VALUES (7, '用户管理-账号密码更新周期', 'sys.account.passwordValidateDays', '0', 'Y', 'admin', '2021-01-06 17:21:05', '', NULL, '密码更新周期（填写数字，数据初始化值为0不限制，若修改必须为大于0小于365的正整数），如果超过这个周期登录系统时，则在登录时就会提醒修改密码对话框');
INSERT INTO `sys_config` VALUES (8, '主框架页-菜单导航显示风格', 'sys.index.menuStyle', 'default', 'Y', 'admin', '2021-01-06 17:21:05', '', NULL, '菜单导航显示风格（default为左侧导航菜单，topnav为顶部导航菜单）');
INSERT INTO `sys_config` VALUES (9, '主框架页-是否开启页脚', 'sys.index.ignoreFooter', 'true', 'Y', 'admin', '2021-01-06 17:21:05', '', NULL, '是否开启底部页脚显示（true显示，false隐藏）');

INSERT INTO `sys_dept` VALUES (100, 0, '0', '若依科技', 0, '若依', '15888888888', 'ry@qq.com', '0', '0', 'admin', '2021-01-06 17:21:00', '', NULL);
INSERT INTO `sys_dept` VALUES (101, 100, '0,100', '深圳总公司', 1, '若依', '15888888888', 'ry@qq.com', '0', '0', 'admin', '2021-01-06 17:21:00', '', NULL);
INSERT INTO `sys_dept` VALUES (102, 100, '0,100', '长沙分公司', 2, '若依', '15888888888', 'ry@qq.com', '0', '0', 'admin', '2021-01-06 17:21:00', '', NULL);
INSERT INTO `sys_dept` VALUES (103, 101, '0,100,101', '研发部门', 1, '若依', '15888888888', 'ry@qq.com', '0', '0', 'admin', '2021-01-06 17:21:00', '', NULL);
INSERT INTO `sys_dept` VALUES (104, 101, '0,100,101', '市场部门', 2, '若依', '15888888888', 'ry@qq.com', '0', '0', 'admin', '2021-01-06 17:21:00', '', NULL);
INSERT INTO `sys_dept` VALUES (105, 101, '0,100,101', '测试部门', 3, '若依', '15888888888', 'ry@qq.com', '0', '0', 'admin', '2021-01-06 17:21:00', '', NULL);
INSERT INTO `sys_dept` VALUES (106, 101, '0,100,101', '财务部门', 4, '若依', '15888888888', 'ry@qq.com', '0', '0', 'admin', '2021-01-06 17:21:00', '', NULL);
INSERT INTO `sys_dept` VALUES (107, 101, '0,100,101', '运维部门', 5, '若依', '15888888888', 'ry@qq.com', '0', '0', 'admin', '2021-01-06 17:21:00', '', NULL);
INSERT INTO `sys_dept` VALUES (108, 102, '0,100,102', '市场部门', 1, '若依', '15888888888', 'ry@qq.com', '0', '0', 'admin', '2021-01-06 17:21:00', '', NULL);
INSERT INTO `sys_dept` VALUES (109, 102, '0,100,102', '财务部门', 2, '若依', '15888888888', 'ry@qq.com', '0', '0', 'admin', '2021-01-06 17:21:00', '', NULL);

INSERT INTO `sys_dict_data` VALUES (1, 1, '已确认', '0', 'asset_status', '', '', 'Y', '0', 'admin', '2018-03-16 11:33:00', 'admin', '2018-03-16 11:33:00', '资产状态:已确认');
INSERT INTO `sys_dict_data` VALUES (2, 2, '新发现', '1', 'asset_status', '', '', 'N', '0', 'admin', '2018-03-16 11:33:00', 'admin', '2018-03-16 11:33:00', '资产状态:新发现');
INSERT INTO `sys_dict_data` VALUES (3, 1, '播放视频', '0', 'oper_action', NULL, NULL, 'N', '0', 'admin', NULL, '', NULL, NULL);
INSERT INTO `sys_dict_data` VALUES (4, 2, '下载视频', '1', 'oper_action', NULL, NULL, 'N', '0', '', NULL, '', NULL, NULL);
INSERT INTO `sys_dict_data` VALUES (5, 3, '回放视频', '2', 'oper_action', NULL, NULL, 'N', '0', '', NULL, '', NULL, NULL);
INSERT INTO `sys_dict_data` VALUES (6, 4, '控制设备', '3', 'oper_action', NULL, NULL, 'N', '0', '', NULL, '', NULL, NULL);
INSERT INTO `sys_dict_data` VALUES (7, 5, '登录', '4', 'oper_action', NULL, NULL, 'N', '0', '', NULL, '', NULL, NULL);
INSERT INTO `sys_dict_data` VALUES (8, 6, '退出', '5', 'oper_action', NULL, NULL, 'N', '0', '', NULL, '', NULL, NULL);
INSERT INTO `sys_dict_data` VALUES (9, 7, '其他操作', '6', 'oper_action', NULL, NULL, 'N', '0', '', NULL, '', NULL, NULL);
INSERT INTO `sys_dict_data` VALUES (10, 8, '订阅', '7', 'oper_action', NULL, NULL, 'N', '0', '', NULL, '', NULL, NULL);
INSERT INTO `sys_dict_data` VALUES (11, 9, '通知', '8', 'oper_action', NULL, NULL, 'N', '0', '', NULL, '', NULL, NULL);
INSERT INTO `sys_dict_data` VALUES (12, 10, '查询', '9', 'oper_action', NULL, NULL, 'N', '0', '', NULL, '', NULL, NULL);
INSERT INTO `sys_dict_data` VALUES (13, 11, '播放失败', '10', 'oper_action', NULL, NULL, 'N', '0', '', NULL, '', NULL, NULL);
INSERT INTO `sys_dict_data` VALUES (14, 0, '实时播放', '0', 'oper_action_detail', NULL, NULL, 'N', '0', '', NULL, '', NULL, NULL);
INSERT INTO `sys_dict_data` VALUES (15, 1, '回放视频', '1', 'oper_action_detail', NULL, NULL, 'N', '0', '', NULL, '', NULL, NULL);
INSERT INTO `sys_dict_data` VALUES (16, 2, '下载视频', '2', 'oper_action_detail', NULL, NULL, 'N', '0', '', NULL, '', NULL, NULL);
INSERT INTO `sys_dict_data` VALUES (17, 3, '登录', '3', 'oper_action_detail', NULL, NULL, 'N', '0', '', NULL, '', NULL, NULL);
INSERT INTO `sys_dict_data` VALUES (18, 4, '注销', '4', 'oper_action_detail', NULL, NULL, 'N', '0', '', NULL, '', NULL, NULL);
INSERT INTO `sys_dict_data` VALUES (19, 5, '查看目录', '5', 'oper_action_detail', NULL, NULL, 'N', '0', '', NULL, '', NULL, NULL);
INSERT INTO `sys_dict_data` VALUES (20, 6, '控制向上', '6', 'oper_action_detail', NULL, NULL, 'N', '0', '', NULL, '', NULL, NULL);
INSERT INTO `sys_dict_data` VALUES (21, 7, '控制向下', '7', 'oper_action_detail', NULL, NULL, 'N', '0', '', NULL, '', NULL, NULL);
INSERT INTO `sys_dict_data` VALUES (22, 8, '控制向左', '8', 'oper_action_detail', NULL, NULL, 'N', '0', '', NULL, '', NULL, NULL);
INSERT INTO `sys_dict_data` VALUES (23, 9, '控制向右', '9', 'oper_action_detail', NULL, NULL, 'N', '0', '', NULL, '', NULL, NULL);
INSERT INTO `sys_dict_data` VALUES (24, 10, '其他', '10', 'oper_action_detail', NULL, NULL, 'N', '0', '', NULL, '', NULL, NULL);
INSERT INTO `sys_dict_data` VALUES (25, 11, '放大', '11', 'oper_action_detail', NULL, NULL, 'N', '0', '', NULL, '', NULL, NULL);
INSERT INTO `sys_dict_data` VALUES (26, 12, '缩小', '12', 'oper_action_detail', NULL, NULL, 'N', '0', '', NULL, '', NULL, NULL);
INSERT INTO `sys_dict_data` VALUES (27, 13, '警报订阅', '13', 'oper_action_detail', NULL, NULL, 'N', '0', '', NULL, '', NULL, NULL);
INSERT INTO `sys_dict_data` VALUES (28, 14, '目录订阅', '14', 'oper_action_detail', NULL, NULL, 'N', '0', '', NULL, '', NULL, NULL);
INSERT INTO `sys_dict_data` VALUES (29, 15, '警报通知', '15', 'oper_action_detail', NULL, NULL, 'N', '0', '', NULL, '', NULL, NULL);
INSERT INTO `sys_dict_data` VALUES (30, 16, '目录通知', '16', 'oper_action_detail', NULL, NULL, 'N', '0', '', NULL, '', NULL, NULL);
INSERT INTO `sys_dict_data` VALUES (31, 17, '警报查询', '17', 'oper_action_detail', NULL, NULL, 'N', '0', '', NULL, '', NULL, NULL);
INSERT INTO `sys_dict_data` VALUES (32, 18, '目录查询', '18', 'oper_action_detail', NULL, NULL, 'N', '0', '', NULL, '', NULL, NULL);
INSERT INTO `sys_dict_data` VALUES (33, 19, '设备信息查询', '19', 'oper_action_detail', NULL, NULL, 'N', '0', '', NULL, '', NULL, NULL);
INSERT INTO `sys_dict_data` VALUES (34, 20, '设备状态查询', '20', 'oper_action_detail', NULL, NULL, 'N', '0', '', NULL, '', NULL, NULL);
INSERT INTO `sys_dict_data` VALUES (35, 21, '文件检索', '21', 'oper_action_detail', NULL, NULL, 'N', '0', '', NULL, '', NULL, NULL);
INSERT INTO `sys_dict_data` VALUES (36, 22, '播放失败', '22', 'oper_action_detail', NULL, NULL, 'N', '0', '', NULL, '', NULL, NULL);
INSERT INTO `sys_dict_data` VALUES (37, 23, '停止播放', '23', 'oper_action_detail', NULL, NULL, 'N', '0', '', NULL, '', NULL, NULL);
INSERT INTO `sys_dict_data` VALUES (38, 24, '停止下载', '24', 'oper_action_detail', NULL, NULL, 'N', '0', '', NULL, '', NULL, NULL);
INSERT INTO `sys_dict_data` VALUES (39, 25, '停止回放', '25', 'oper_action_detail', NULL, NULL, 'N', '0', '', NULL, '', NULL, NULL);
INSERT INTO `sys_dict_data` VALUES (40, 26, '控制左上', '26', 'oper_action_detail', NULL, NULL, 'N', '0', '', NULL, '', NULL, NULL);
INSERT INTO `sys_dict_data` VALUES (41, 27, '控制右上', '27', 'oper_action_detail', NULL, NULL, 'N', '0', '', NULL, '', NULL, NULL);
INSERT INTO `sys_dict_data` VALUES (42, 28, '控制左下', '28', 'oper_action_detail', NULL, NULL, 'N', '0', '', NULL, '', NULL, NULL);
INSERT INTO `sys_dict_data` VALUES (43, 29, '控制右下', '29', 'oper_action_detail', NULL, NULL, 'N', '0', '', NULL, '', NULL, NULL);
INSERT INTO `sys_dict_data` VALUES (44, 30, '控制停止', '30', 'oper_action_detail', NULL, NULL, 'N', '0', '', NULL, '', NULL, NULL);
INSERT INTO `sys_dict_data` VALUES (45, 0, '其他', '0', 'device_type', NULL, NULL, 'N', '0', '', NULL, '', NULL, NULL);
INSERT INTO `sys_dict_data` VALUES (46, 1, '摄像头', '1', 'device_type', NULL, NULL, 'N', '0', '', NULL, '', NULL, NULL);
INSERT INTO `sys_dict_data` VALUES (47, 2, '中心信令控制服务器', '2', 'device_type', NULL, NULL, 'N', '0', '', NULL, '', NULL, NULL);
INSERT INTO `sys_dict_data` VALUES (48, 3, '代理服务器', '3', 'device_type', NULL, NULL, 'N', '0', '', NULL, '', NULL, NULL);
INSERT INTO `sys_dict_data` VALUES (49, 4, '媒体服务器', '4', 'device_type', NULL, NULL, 'N', '0', '', NULL, '', NULL, NULL);
INSERT INTO `sys_dict_data` VALUES (50, 5, '用户类型', '5', 'device_type', NULL, NULL, 'N', '0', '', NULL, '', NULL, NULL);
INSERT INTO `sys_dict_data` VALUES (51, 6, '终端类型', '6', 'device_type', NULL, NULL, 'N', '0', '', NULL, '', NULL, NULL);
INSERT INTO `sys_dict_data` VALUES (52, 12, '停止', '11', 'oper_action', NULL, NULL, 'N', '0', '', NULL, '', NULL, NULL);
INSERT INTO `sys_dict_data` VALUES (53, 1, '全局黑名单', 'Black', 'ip_global_config', NULL, NULL, 'N', '0', 'admin', '2020-10-22 14:44:54', 'admin', '2020-12-01 15:23:05', NULL);
INSERT INTO `sys_dict_data` VALUES (54, 2, '全局白名单', 'White', 'ip_global_config', NULL, NULL, 'N', '0', 'admin', '2020-10-22 14:45:06', 'admin', '2020-12-01 15:23:09', NULL);
INSERT INTO `sys_dict_data` VALUES (55, 3, '自定义设置', 'Closed', 'ip_global_config', NULL, NULL, 'N', '0', 'admin', '2020-10-22 14:45:13', 'admin', '2020-12-01 15:00:46', NULL);
INSERT INTO `sys_dict_data` VALUES (56, 0, '一般', 'COMMON', 'log_level', NULL, NULL, 'N', '0', 'admin', '2020-11-03 09:37:31', 'admin', '2020-11-03 09:57:25', NULL);
INSERT INTO `sys_dict_data` VALUES (57, 1, '重要', 'MAJOR', 'log_level', NULL, NULL, 'N', '0', 'admin', '2020-11-03 09:37:37', 'admin', '2020-11-03 09:57:33', NULL);
INSERT INTO `sys_dict_data` VALUES (58, 3, '严重', 'SERIOUS', 'log_level', NULL, NULL, 'N', '0', 'admin', '2020-11-03 09:37:45', 'admin', '2020-11-03 09:57:42', NULL);
INSERT INTO `sys_dict_data` VALUES (59, 0, '未知', '0', 'app_watch_status', NULL, NULL, 'N', '0', 'admin', '2020-11-04 09:39:12', '', NULL, NULL);
INSERT INTO `sys_dict_data` VALUES (60, 1, '开启', '1', 'app_watch_status', NULL, NULL, 'N', '0', 'admin', '2020-11-04 09:39:20', '', NULL, NULL);
INSERT INTO `sys_dict_data` VALUES (61, 2, '关闭', '2', 'app_watch_status', NULL, NULL, 'N', '0', 'admin', '2020-11-04 09:39:27', '', NULL, NULL);
INSERT INTO `sys_dict_data` VALUES (62, 1, '播放', '0', 'win_oper_type', NULL, NULL, 'N', '0', 'admin', '2020-11-12 11:31:21', '', NULL, NULL);
INSERT INTO `sys_dict_data` VALUES (63, 2, '下载', '1', 'win_oper_type', NULL, NULL, 'N', '0', 'admin', '2020-11-12 11:31:28', '', NULL, NULL);
INSERT INTO `sys_dict_data` VALUES (64, 1, '回放', '0', 'linux_oper_type', NULL, NULL, 'N', '0', 'admin', '2020-11-12 11:31:58', '', NULL, NULL);
INSERT INTO `sys_dict_data` VALUES (65, 2, '搜索', '1', 'linux_oper_type', NULL, NULL, 'N', '0', 'admin', '2020-11-12 11:32:11', '', NULL, NULL);
INSERT INTO `sys_dict_data` VALUES (66, 1, '生效', '1', 'is_valid', NULL, NULL, 'N', '0', 'admin', '2020-11-13 15:48:30', 'admin', '2021-03-25 16:26:03', NULL);
INSERT INTO `sys_dict_data` VALUES (67, 1, '未生效', '0', 'is_valid', NULL, NULL, 'N', '0', 'admin', '2020-11-13 15:48:43', 'admin', '2021-03-25 16:26:06', NULL);
INSERT INTO `sys_dict_data` VALUES (68, 0, '一般', '一般', 'warn_level', NULL, NULL, 'N', '0', 'admin', '2020-11-13 15:50:01', 'admin', '2021-03-25 16:42:54', NULL);
INSERT INTO `sys_dict_data` VALUES (69, 1, '重要', '重要', 'warn_level', NULL, NULL, 'N', '0', 'admin', '2020-11-13 15:50:07', 'admin', '2021-03-25 16:42:59', NULL);
INSERT INTO `sys_dict_data` VALUES (70, 2, '严重', '严重', 'warn_level', NULL, NULL, 'N', '0', 'admin', '2020-11-13 15:50:12', 'admin', '2021-03-25 16:43:05', NULL);
INSERT INTO `sys_dict_data` VALUES (71, 0, '普通事件', '0', 'event_category', NULL, NULL, 'N', '0', 'admin', '2020-11-13 15:51:09', '', NULL, NULL);
INSERT INTO `sys_dict_data` VALUES (72, 1, '控制事件', '1', 'event_category', NULL, NULL, 'N', '0', 'admin', '2020-11-13 15:51:17', 'admin', '2021-03-25 16:35:50', NULL);
INSERT INTO `sys_dict_data` VALUES (73, 2, '敏感事件', '2', 'event_category', NULL, NULL, 'N', '0', 'admin', '2020-11-13 15:51:30', 'admin', '2020-11-13 15:51:46', NULL);
INSERT INTO `sys_dict_data` VALUES (74, 3, '异常事件', '3', 'event_category', NULL, NULL, 'N', '0', 'admin', '2020-11-13 15:52:01', '', NULL, NULL);
INSERT INTO `sys_dict_data` VALUES (75, 2, '终端', '1', 'device_type_warn', NULL, NULL, 'N', '0', 'admin', '2020-11-13 15:52:48', 'admin', '2021-03-25 16:37:12', NULL);
INSERT INTO `sys_dict_data` VALUES (76, 1, '不指定', '0', 'device_type_warn', NULL, NULL, 'N', '0', 'admin', '2020-11-13 15:52:54', 'admin', '2021-03-25 16:37:27', NULL);
INSERT INTO `sys_dict_data` VALUES (77, 1, '播放视频', '0', 'oper_type', NULL, NULL, 'N', '0', 'admin', '2020-11-13 16:36:47', 'admin', '2021-03-25 16:38:09', NULL);
INSERT INTO `sys_dict_data` VALUES (78, 0, '指定时间', '1', 'date_range', NULL, NULL, 'N', '0', 'admin', '2020-11-13 16:58:32', 'admin', '2021-03-25 15:36:54', NULL);
INSERT INTO `sys_dict_data` VALUES (79, 1, '全部时间', '0', 'date_range', NULL, NULL, 'N', '0', 'admin', '2020-11-13 16:58:43', 'admin', '2021-03-25 15:36:50', NULL);
INSERT INTO `sys_dict_data` VALUES (80, 2, '下载视频', '1', 'oper_type', NULL, NULL, 'N', '0', 'admin', '2020-11-19 14:54:51', 'admin', '2021-03-25 16:38:16', NULL);
INSERT INTO `sys_dict_data` VALUES (81, 3, '回放视频', '2', 'oper_type', NULL, NULL, 'N', '0', 'admin', '2020-11-19 14:55:02', 'admin', '2021-03-25 16:38:37', NULL);
INSERT INTO `sys_dict_data` VALUES (82, 1, '开启白名单', '0', 'warn_rule', NULL, NULL, 'N', '0', 'admin', '2020-12-01 15:02:56', 'admin', '2021-03-25 16:42:01', NULL);
INSERT INTO `sys_dict_data` VALUES (83, 2, '关闭黑名单', '1', 'warn_rule', NULL, NULL, 'N', '0', 'admin', '2020-12-01 15:03:04', 'admin', '2021-03-25 16:42:05', NULL);
INSERT INTO `sys_dict_data` VALUES (84, 1, '开启白名单', '0', 'non_work', NULL, NULL, 'N', '0', 'admin', '2020-12-01 15:04:03', 'admin', '2021-03-25 16:40:45', NULL);
INSERT INTO `sys_dict_data` VALUES (85, 2, '关闭黑名单', '1', 'non_work', NULL, NULL, 'N', '0', 'admin', '2020-12-01 15:04:09', 'admin', '2021-03-25 16:40:48', NULL);
INSERT INTO `sys_dict_data` VALUES (86, 1, '开启白名单', '0', 'cross_origin', NULL, NULL, 'N', '0', 'admin', '2020-12-14 10:16:01', 'admin', '2021-03-25 16:41:16', NULL);
INSERT INTO `sys_dict_data` VALUES (87, 2, '关闭黑名单', '1', 'cross_origin', NULL, NULL, 'N', '0', 'admin', '2020-12-14 10:16:07', 'admin', '2021-03-25 16:41:20', NULL);
INSERT INTO `sys_dict_data` VALUES (88, 4, '控制设备', '3', 'oper_type', NULL, NULL, 'N', '0', 'admin', '2020-12-18 14:11:48', 'admin', '2021-03-25 16:38:52', NULL);
INSERT INTO `sys_dict_data` VALUES (89, 5, '登录', '4', 'oper_type', NULL, NULL, 'N', '0', 'admin', '2021-01-04 11:43:24', 'admin', '2021-03-25 16:39:04', NULL);
INSERT INTO `sys_dict_data` VALUES (90, 6, '退出', '5', 'oper_type', NULL, NULL, 'N', '0', 'admin', '2021-01-04 11:43:35', 'admin', '2021-03-25 16:39:11', NULL);
INSERT INTO `sys_dict_data` VALUES (91, 7, '其他', '6', 'oper_type', NULL, NULL, 'N', '0', 'admin', '2021-01-04 11:44:26', 'admin', '2021-03-25 16:39:17', NULL);
INSERT INTO `sys_dict_data` VALUES (92, 0, '是', '0', 'ext_date_range', NULL, NULL, 'N', '0', 'admin', '2020-11-13 16:59:27', '', NULL, NULL);
INSERT INTO `sys_dict_data` VALUES (93, 1, '否', '1', 'ext_date_range', NULL, NULL, 'N', '0', 'admin', '2020-11-13 16:59:31', '', NULL, NULL);
INSERT INTO `sys_dict_data` VALUES (94, 3, '摄像头', '2', 'device_type_warn', NULL, NULL, 'N', '0', '', NULL, '', NULL, NULL);
INSERT INTO `sys_dict_data` VALUES (95, 4, '服务器', '3', 'device_type_warn', NULL, NULL, 'N', '0', '', NULL, '', NULL, NULL);
INSERT INTO `sys_dict_data` VALUES (96, 1, '开启白名单', '0', 'abnormal_scan', NULL, NULL, 'N', '0', 'admin', '2020-12-01 15:05:10', 'admin', '2021-03-25 16:41:39', NULL);
INSERT INTO `sys_dict_data` VALUES (97, 2, '关闭黑名单', '1', 'abnormal_scan', NULL, NULL, 'N', '0', 'admin', '2020-12-01 15:05:20', 'admin', '2021-03-25 16:41:43', NULL);
-- INSERT INTO `sys_dict_data` VALUES (98, 31, '焦点前调', '31', 'oper_action_detail', NULL, NULL, 'N', '0', '', NULL, '', NULL, NULL);
-- INSERT INTO `sys_dict_data` VALUES (99, 32, '焦点后调', '32', 'oper_action_detail', NULL, NULL, 'N', '0', '', NULL, '', NULL, NULL);
-- INSERT INTO `sys_dict_data` VALUES (100, 33, '光圈扩大', '33', 'oper_action_detail', NULL, NULL, 'N', '0', '', NULL, '', NULL, NULL);
-- INSERT INTO `sys_dict_data` VALUES (101, 34, '光圈缩小', '34', 'oper_action_detail', NULL, NULL, 'N', '0', '', NULL, '', NULL, NULL);

INSERT INTO `sys_dict_type` VALUES (1, '用户性别', 'sys_user_sex', '0', 'admin', '2021-01-06 17:21:04', '', NULL, '用户性别列表');
INSERT INTO `sys_dict_type` VALUES (2, '菜单状态', 'sys_show_hide', '0', 'admin', '2021-01-06 17:21:04', '', NULL, '菜单状态列表');
INSERT INTO `sys_dict_type` VALUES (3, '系统开关', 'sys_normal_disable', '0', 'admin', '2021-01-06 17:21:04', '', NULL, '系统开关列表');
INSERT INTO `sys_dict_type` VALUES (4, '任务状态', 'sys_job_status', '0', 'admin', '2021-01-06 17:21:04', '', NULL, '任务状态列表');
INSERT INTO `sys_dict_type` VALUES (5, '任务分组', 'sys_job_group', '0', 'admin', '2021-01-06 17:21:04', '', NULL, '任务分组列表');
INSERT INTO `sys_dict_type` VALUES (6, '系统是否', 'sys_yes_no', '0', 'admin', '2021-01-06 17:21:04', '', NULL, '系统是否列表');
INSERT INTO `sys_dict_type` VALUES (7, '通知类型', 'sys_notice_type', '0', 'admin', '2021-01-06 17:21:04', '', NULL, '通知类型列表');
INSERT INTO `sys_dict_type` VALUES (8, '通知状态', 'sys_notice_status', '0', 'admin', '2021-01-06 17:21:04', '', NULL, '通知状态列表');
INSERT INTO `sys_dict_type` VALUES (9, '操作类型', 'sys_oper_type', '0', 'admin', '2021-01-06 17:21:04', '', NULL, '操作类型列表');
INSERT INTO `sys_dict_type` VALUES (10, '系统状态', 'sys_common_status', '0', 'admin', '2021-01-06 17:21:04', '', NULL, '登录状态列表');
INSERT INTO `sys_dict_type` VALUES (11, '用户状态', 'asset_status', '0', 'admin', '2021-03-25 16:00:30', '', NULL, '用户状态列表');
INSERT INTO `sys_dict_type` VALUES (12, '操作行为动作', 'oper_action', '0', 'admin', '2021-03-25 16:01:41', '', NULL, '操作行为动作');

INSERT INTO `sys_job` VALUES (1, '系统默认（无参）', 'DEFAULT', 'ryTask.ryNoParams', '0/10 * * * * ?', '3', '1', '1', 'admin', '2021-01-06 17:21:05', '', NULL, '');
INSERT INTO `sys_job` VALUES (2, '系统默认（有参）', 'DEFAULT', 'ryTask.ryParams(\'ry\')', '0/15 * * * * ?', '3', '1', '1', 'admin', '2021-01-06 17:21:05', '', NULL, '');
INSERT INTO `sys_job` VALUES (3, '系统默认（多参）', 'DEFAULT', 'ryTask.ryMultipleParams(\'ry\', true, 2000L, 316.50D, 100)', '0/20 * * * * ?', '3', '1', '1', 'admin', '2021-01-06 17:21:05', '', NULL, '');
INSERT INTO `sys_job` VALUES (5, '摄像头访问率刷新', 'DEFAULT', 'operationStatisticsController.camera', '0 0 0/1 * * ? ', '1', '0', '0', '', '2021-04-07 13:16:20', '', NULL, '');
INSERT INTO `sys_job` VALUES (6, '摄像头终端率刷新', 'DEFAULT', 'operationStatisticsController.client', '0 0 0/1 * * ? ', '3', '1', '0', '', '2021-04-07 14:42:02', '', NULL, '');
INSERT INTO `sys_job` VALUES (7, '摄像头用户率刷新', 'DEFAULT', 'operationStatisticsController.user', '0 0 0/1 * * ? ', '3', '1', '0', '', '2021-04-07 14:43:04', '', NULL, '');
INSERT INTO `sys_job` VALUES (8, '首页卡片刷新', 'DEFAULT', 'operationStatisticsController.card', '0 0/30 0/1 * * ? ', '3', '1', '0', '', '2021-04-07 14:47:07', '', NULL, '');

INSERT INTO `sys_menu` VALUES (1, '系统管理', 0, 1, 'system', NULL, 1, 'M', '0', '0', '', 'system', 'admin', '2018-03-16 11:33:00', 'ry', '2018-03-16 11:33:00', '系统管理目录');
INSERT INTO `sys_menu` VALUES (2, '系统监控', 0, 2, 'monitor', NULL, 1, 'M', '0', '0', '', 'monitor', 'admin', '2018-03-16 11:33:00', 'ry', '2018-03-16 11:33:00', '系统监控目录');
INSERT INTO `sys_menu` VALUES (3, '系统工具', 0, 3, 'tool', NULL, 1, 'M', '0', '0', '', 'tool', 'admin', '2018-03-16 11:33:00', 'ry', '2018-03-16 11:33:00', '系统工具目录');
INSERT INTO `sys_menu` VALUES (4, '若依官网', 0, 4, 'http://ruoyi.vip', NULL, 0, 'M', '0', '0', '', 'guide', 'admin', '2018-03-16 11:33:00', 'ry', '2018-03-16 11:33:00', '若依官网地址');
INSERT INTO `sys_menu` VALUES (100, '用户管理', 1, 1, 'user', 'system/user/index', 1, 'C', '0', '0', 'system:user:list', 'user', 'admin', '2018-03-16 11:33:00', 'ry', '2018-03-16 11:33:00', '用户管理菜单');
INSERT INTO `sys_menu` VALUES (101, '角色管理', 1, 2, 'role', 'system/role/index', 1, 'C', '0', '0', 'system:role:list', 'peoples', 'admin', '2018-03-16 11:33:00', 'ry', '2018-03-16 11:33:00', '角色管理菜单');
INSERT INTO `sys_menu` VALUES (102, '菜单管理', 1, 3, 'menu', 'system/menu/index', 1, 'C', '0', '0', 'system:menu:list', 'tree-table', 'admin', '2018-03-16 11:33:00', 'ry', '2018-03-16 11:33:00', '菜单管理菜单');
INSERT INTO `sys_menu` VALUES (103, '部门管理', 1, 4, 'dept', 'system/dept/index', 1, 'C', '0', '0', 'system:dept:list', 'tree', 'admin', '2018-03-16 11:33:00', 'ry', '2018-03-16 11:33:00', '部门管理菜单');
INSERT INTO `sys_menu` VALUES (104, '岗位管理', 1, 5, 'post', 'system/post/index', 1, 'C', '0', '0', 'system:post:list', 'post', 'admin', '2018-03-16 11:33:00', 'ry', '2018-03-16 11:33:00', '岗位管理菜单');
INSERT INTO `sys_menu` VALUES (105, '字典管理', 1, 6, 'dict', 'system/dict/index', 1, 'C', '0', '0', 'system:dict:list', 'dict', 'admin', '2018-03-16 11:33:00', 'ry', '2018-03-16 11:33:00', '字典管理菜单');
INSERT INTO `sys_menu` VALUES (106, '参数设置', 1, 7, 'config', 'system/config/index', 1, 'C', '0', '0', 'system:config:list', 'edit', 'admin', '2018-03-16 11:33:00', 'ry', '2018-03-16 11:33:00', '参数设置菜单');
INSERT INTO `sys_menu` VALUES (107, '通知公告', 1, 8, 'notice', 'system/notice/index', 1, 'C', '0', '0', 'system:notice:list', 'message', 'admin', '2018-03-16 11:33:00', 'ry', '2018-03-16 11:33:00', '通知公告菜单');
INSERT INTO `sys_menu` VALUES (108, '日志管理', 1, 9, 'log', 'system/log/index', 1, 'M', '0', '0', '', 'log', 'admin', '2018-03-16 11:33:00', 'ry', '2018-03-16 11:33:00', '日志管理菜单');
INSERT INTO `sys_menu` VALUES (109, '在线用户', 2, 1, 'online', 'monitor/online/index', 1, 'C', '0', '0', 'monitor:online:list', 'online', 'admin', '2018-03-16 11:33:00', 'ry', '2018-03-16 11:33:00', '在线用户菜单');
INSERT INTO `sys_menu` VALUES (110, '定时任务', 2, 2, 'job', 'monitor/job/index', 1, 'C', '0', '0', 'monitor:job:list', 'job', 'admin', '2018-03-16 11:33:00', 'ry', '2018-03-16 11:33:00', '定时任务菜单');
INSERT INTO `sys_menu` VALUES (111, '数据监控', 2, 3, 'druid', 'monitor/druid/index', 1, 'C', '0', '0', 'monitor:druid:list', 'druid', 'admin', '2018-03-16 11:33:00', 'ry', '2018-03-16 11:33:00', '数据监控菜单');
INSERT INTO `sys_menu` VALUES (112, '服务监控', 2, 4, 'server', 'monitor/server/index', 1, 'C', '0', '0', 'monitor:server:list', 'server', 'admin', '2018-03-16 11:33:00', 'ry', '2018-03-16 11:33:00', '服务监控菜单');
INSERT INTO `sys_menu` VALUES (113, '表单构建', 3, 1, 'build', 'tool/build/index', 1, 'C', '0', '0', 'tool:build:list', 'build', 'admin', '2018-03-16 11:33:00', 'ry', '2018-03-16 11:33:00', '表单构建菜单');
INSERT INTO `sys_menu` VALUES (114, '代码生成', 3, 2, 'gen', 'tool/gen/index', 1, 'C', '0', '0', 'tool:gen:list', 'code', 'admin', '2018-03-16 11:33:00', 'ry', '2018-03-16 11:33:00', '代码生成菜单');
INSERT INTO `sys_menu` VALUES (115, '系统接口', 3, 3, 'swagger', 'tool/swagger/index', 1, 'C', '0', '0', 'tool:swagger:list', 'swagger', 'admin', '2018-03-16 11:33:00', 'ry', '2018-03-16 11:33:00', '系统接口菜单');
INSERT INTO `sys_menu` VALUES (500, '操作日志', 108, 1, 'operlog', 'monitor/operlog/index', 1, 'C', '0', '0', 'monitor:operlog:list', 'form', 'admin', '2018-03-16 11:33:00', 'ry', '2018-03-16 11:33:00', '操作日志菜单');
INSERT INTO `sys_menu` VALUES (501, '登录日志', 108, 2, 'logininfor', 'monitor/logininfor/index', 1, 'C', '0', '0', 'monitor:logininfor:list', 'logininfor', 'admin', '2018-03-16 11:33:00', 'ry', '2018-03-16 11:33:00', '登录日志菜单');
INSERT INTO `sys_menu` VALUES (1001, '用户查询', 100, 1, '', '', 1, 'F', '0', '0', 'system:user:query', '#', 'admin', '2018-03-16 11:33:00', 'ry', '2018-03-16 11:33:00', '');
INSERT INTO `sys_menu` VALUES (1002, '用户新增', 100, 2, '', '', 1, 'F', '0', '0', 'system:user:add', '#', 'admin', '2018-03-16 11:33:00', 'ry', '2018-03-16 11:33:00', '');
INSERT INTO `sys_menu` VALUES (1003, '用户修改', 100, 3, '', '', 1, 'F', '0', '0', 'system:user:edit', '#', 'admin', '2018-03-16 11:33:00', 'ry', '2018-03-16 11:33:00', '');
INSERT INTO `sys_menu` VALUES (1004, '用户删除', 100, 4, '', '', 1, 'F', '0', '0', 'system:user:remove', '#', 'admin', '2018-03-16 11:33:00', 'ry', '2018-03-16 11:33:00', '');
INSERT INTO `sys_menu` VALUES (1005, '用户导出', 100, 5, '', '', 1, 'F', '0', '0', 'system:user:export', '#', 'admin', '2018-03-16 11:33:00', 'ry', '2018-03-16 11:33:00', '');
INSERT INTO `sys_menu` VALUES (1006, '用户导入', 100, 6, '', '', 1, 'F', '0', '0', 'system:user:import', '#', 'admin', '2018-03-16 11:33:00', 'ry', '2018-03-16 11:33:00', '');
INSERT INTO `sys_menu` VALUES (1007, '重置密码', 100, 7, '', '', 1, 'F', '0', '0', 'system:user:resetPwd', '#', 'admin', '2018-03-16 11:33:00', 'ry', '2018-03-16 11:33:00', '');
INSERT INTO `sys_menu` VALUES (1008, '角色查询', 101, 1, '', '', 1, 'F', '0', '0', 'system:role:query', '#', 'admin', '2018-03-16 11:33:00', 'ry', '2018-03-16 11:33:00', '');
INSERT INTO `sys_menu` VALUES (1009, '角色新增', 101, 2, '', '', 1, 'F', '0', '0', 'system:role:add', '#', 'admin', '2018-03-16 11:33:00', 'ry', '2018-03-16 11:33:00', '');
INSERT INTO `sys_menu` VALUES (1010, '角色修改', 101, 3, '', '', 1, 'F', '0', '0', 'system:role:edit', '#', 'admin', '2018-03-16 11:33:00', 'ry', '2018-03-16 11:33:00', '');
INSERT INTO `sys_menu` VALUES (1011, '角色删除', 101, 4, '', '', 1, 'F', '0', '0', 'system:role:remove', '#', 'admin', '2018-03-16 11:33:00', 'ry', '2018-03-16 11:33:00', '');
INSERT INTO `sys_menu` VALUES (1012, '角色导出', 101, 5, '', '', 1, 'F', '0', '0', 'system:role:export', '#', 'admin', '2018-03-16 11:33:00', 'ry', '2018-03-16 11:33:00', '');
INSERT INTO `sys_menu` VALUES (1013, '菜单查询', 102, 1, '', '', 1, 'F', '0', '0', 'system:menu:query', '#', 'admin', '2018-03-16 11:33:00', 'ry', '2018-03-16 11:33:00', '');
INSERT INTO `sys_menu` VALUES (1014, '菜单新增', 102, 2, '', '', 1, 'F', '0', '0', 'system:menu:add', '#', 'admin', '2018-03-16 11:33:00', 'ry', '2018-03-16 11:33:00', '');
INSERT INTO `sys_menu` VALUES (1015, '菜单修改', 102, 3, '', '', 1, 'F', '0', '0', 'system:menu:edit', '#', 'admin', '2018-03-16 11:33:00', 'ry', '2018-03-16 11:33:00', '');
INSERT INTO `sys_menu` VALUES (1016, '菜单删除', 102, 4, '', '', 1, 'F', '0', '0', 'system:menu:remove', '#', 'admin', '2018-03-16 11:33:00', 'ry', '2018-03-16 11:33:00', '');
INSERT INTO `sys_menu` VALUES (1017, '部门查询', 103, 1, '', '', 1, 'F', '0', '0', 'system:dept:query', '#', 'admin', '2018-03-16 11:33:00', 'ry', '2018-03-16 11:33:00', '');
INSERT INTO `sys_menu` VALUES (1018, '部门新增', 103, 2, '', '', 1, 'F', '0', '0', 'system:dept:add', '#', 'admin', '2018-03-16 11:33:00', 'ry', '2018-03-16 11:33:00', '');
INSERT INTO `sys_menu` VALUES (1019, '部门修改', 103, 3, '', '', 1, 'F', '0', '0', 'system:dept:edit', '#', 'admin', '2018-03-16 11:33:00', 'ry', '2018-03-16 11:33:00', '');
INSERT INTO `sys_menu` VALUES (1020, '部门删除', 103, 4, '', '', 1, 'F', '0', '0', 'system:dept:remove', '#', 'admin', '2018-03-16 11:33:00', 'ry', '2018-03-16 11:33:00', '');
INSERT INTO `sys_menu` VALUES (1021, '岗位查询', 104, 1, '', '', 1, 'F', '0', '0', 'system:post:query', '#', 'admin', '2018-03-16 11:33:00', 'ry', '2018-03-16 11:33:00', '');
INSERT INTO `sys_menu` VALUES (1022, '岗位新增', 104, 2, '', '', 1, 'F', '0', '0', 'system:post:add', '#', 'admin', '2018-03-16 11:33:00', 'ry', '2018-03-16 11:33:00', '');
INSERT INTO `sys_menu` VALUES (1023, '岗位修改', 104, 3, '', '', 1, 'F', '0', '0', 'system:post:edit', '#', 'admin', '2018-03-16 11:33:00', 'ry', '2018-03-16 11:33:00', '');
INSERT INTO `sys_menu` VALUES (1024, '岗位删除', 104, 4, '', '', 1, 'F', '0', '0', 'system:post:remove', '#', 'admin', '2018-03-16 11:33:00', 'ry', '2018-03-16 11:33:00', '');
INSERT INTO `sys_menu` VALUES (1025, '岗位导出', 104, 5, '', '', 1, 'F', '0', '0', 'system:post:export', '#', 'admin', '2018-03-16 11:33:00', 'ry', '2018-03-16 11:33:00', '');
INSERT INTO `sys_menu` VALUES (1026, '字典查询', 105, 1, '#', '', 1, 'F', '0', '0', 'system:dict:query', '#', 'admin', '2018-03-16 11:33:00', 'ry', '2018-03-16 11:33:00', '');
INSERT INTO `sys_menu` VALUES (1027, '字典新增', 105, 2, '#', '', 1, 'F', '0', '0', 'system:dict:add', '#', 'admin', '2018-03-16 11:33:00', 'ry', '2018-03-16 11:33:00', '');
INSERT INTO `sys_menu` VALUES (1028, '字典修改', 105, 3, '#', '', 1, 'F', '0', '0', 'system:dict:edit', '#', 'admin', '2018-03-16 11:33:00', 'ry', '2018-03-16 11:33:00', '');
INSERT INTO `sys_menu` VALUES (1029, '字典删除', 105, 4, '#', '', 1, 'F', '0', '0', 'system:dict:remove', '#', 'admin', '2018-03-16 11:33:00', 'ry', '2018-03-16 11:33:00', '');
INSERT INTO `sys_menu` VALUES (1030, '字典导出', 105, 5, '#', '', 1, 'F', '0', '0', 'system:dict:export', '#', 'admin', '2018-03-16 11:33:00', 'ry', '2018-03-16 11:33:00', '');
INSERT INTO `sys_menu` VALUES (1031, '参数查询', 106, 1, '#', '', 1, 'F', '0', '0', 'system:config:query', '#', 'admin', '2018-03-16 11:33:00', 'ry', '2018-03-16 11:33:00', '');
INSERT INTO `sys_menu` VALUES (1032, '参数新增', 106, 2, '#', '', 1, 'F', '0', '0', 'system:config:add', '#', 'admin', '2018-03-16 11:33:00', 'ry', '2018-03-16 11:33:00', '');
INSERT INTO `sys_menu` VALUES (1033, '参数修改', 106, 3, '#', '', 1, 'F', '0', '0', 'system:config:edit', '#', 'admin', '2018-03-16 11:33:00', 'ry', '2018-03-16 11:33:00', '');
INSERT INTO `sys_menu` VALUES (1034, '参数删除', 106, 4, '#', '', 1, 'F', '0', '0', 'system:config:remove', '#', 'admin', '2018-03-16 11:33:00', 'ry', '2018-03-16 11:33:00', '');
INSERT INTO `sys_menu` VALUES (1035, '参数导出', 106, 5, '#', '', 1, 'F', '0', '0', 'system:config:export', '#', 'admin', '2018-03-16 11:33:00', 'ry', '2018-03-16 11:33:00', '');
INSERT INTO `sys_menu` VALUES (1036, '公告查询', 107, 1, '#', '', 1, 'F', '0', '0', 'system:notice:query', '#', 'admin', '2018-03-16 11:33:00', 'ry', '2018-03-16 11:33:00', '');
INSERT INTO `sys_menu` VALUES (1037, '公告新增', 107, 2, '#', '', 1, 'F', '0', '0', 'system:notice:add', '#', 'admin', '2018-03-16 11:33:00', 'ry', '2018-03-16 11:33:00', '');
INSERT INTO `sys_menu` VALUES (1038, '公告修改', 107, 3, '#', '', 1, 'F', '0', '0', 'system:notice:edit', '#', 'admin', '2018-03-16 11:33:00', 'ry', '2018-03-16 11:33:00', '');
INSERT INTO `sys_menu` VALUES (1039, '公告删除', 107, 4, '#', '', 1, 'F', '0', '0', 'system:notice:remove', '#', 'admin', '2018-03-16 11:33:00', 'ry', '2018-03-16 11:33:00', '');
INSERT INTO `sys_menu` VALUES (1040, '操作查询', 500, 1, '#', '', 1, 'F', '0', '0', 'monitor:operlog:query', '#', 'admin', '2018-03-16 11:33:00', 'ry', '2018-03-16 11:33:00', '');
INSERT INTO `sys_menu` VALUES (1041, '操作删除', 500, 2, '#', '', 1, 'F', '0', '0', 'monitor:operlog:remove', '#', 'admin', '2018-03-16 11:33:00', 'ry', '2018-03-16 11:33:00', '');
INSERT INTO `sys_menu` VALUES (1042, '日志导出', 500, 4, '#', '', 1, 'F', '0', '0', 'monitor:operlog:export', '#', 'admin', '2018-03-16 11:33:00', 'ry', '2018-03-16 11:33:00', '');
INSERT INTO `sys_menu` VALUES (1043, '登录查询', 501, 1, '#', '', 1, 'F', '0', '0', 'monitor:logininfor:query', '#', 'admin', '2018-03-16 11:33:00', 'ry', '2018-03-16 11:33:00', '');
INSERT INTO `sys_menu` VALUES (1044, '登录删除', 501, 2, '#', '', 1, 'F', '0', '0', 'monitor:logininfor:remove', '#', 'admin', '2018-03-16 11:33:00', 'ry', '2018-03-16 11:33:00', '');
INSERT INTO `sys_menu` VALUES (1045, '日志导出', 501, 3, '#', '', 1, 'F', '0', '0', 'monitor:logininfor:export', '#', 'admin', '2018-03-16 11:33:00', 'ry', '2018-03-16 11:33:00', '');
INSERT INTO `sys_menu` VALUES (1046, '在线查询', 109, 1, '#', '', 1, 'F', '0', '0', 'monitor:online:query', '#', 'admin', '2018-03-16 11:33:00', 'ry', '2018-03-16 11:33:00', '');
INSERT INTO `sys_menu` VALUES (1047, '批量强退', 109, 2, '#', '', 1, 'F', '0', '0', 'monitor:online:batchLogout', '#', 'admin', '2018-03-16 11:33:00', 'ry', '2018-03-16 11:33:00', '');
INSERT INTO `sys_menu` VALUES (1048, '单条强退', 109, 3, '#', '', 1, 'F', '0', '0', 'monitor:online:forceLogout', '#', 'admin', '2018-03-16 11:33:00', 'ry', '2018-03-16 11:33:00', '');
INSERT INTO `sys_menu` VALUES (1049, '任务查询', 110, 1, '#', '', 1, 'F', '0', '0', 'monitor:job:query', '#', 'admin', '2018-03-16 11:33:00', 'ry', '2018-03-16 11:33:00', '');
INSERT INTO `sys_menu` VALUES (1050, '任务新增', 110, 2, '#', '', 1, 'F', '0', '0', 'monitor:job:add', '#', 'admin', '2018-03-16 11:33:00', 'ry', '2018-03-16 11:33:00', '');
INSERT INTO `sys_menu` VALUES (1051, '任务修改', 110, 3, '#', '', 1, 'F', '0', '0', 'monitor:job:edit', '#', 'admin', '2018-03-16 11:33:00', 'ry', '2018-03-16 11:33:00', '');
INSERT INTO `sys_menu` VALUES (1052, '任务删除', 110, 4, '#', '', 1, 'F', '0', '0', 'monitor:job:remove', '#', 'admin', '2018-03-16 11:33:00', 'ry', '2018-03-16 11:33:00', '');
INSERT INTO `sys_menu` VALUES (1053, '状态修改', 110, 5, '#', '', 1, 'F', '0', '0', 'monitor:job:changeStatus', '#', 'admin', '2018-03-16 11:33:00', 'ry', '2018-03-16 11:33:00', '');
INSERT INTO `sys_menu` VALUES (1054, '任务导出', 110, 7, '#', '', 1, 'F', '0', '0', 'monitor:job:export', '#', 'admin', '2018-03-16 11:33:00', 'ry', '2018-03-16 11:33:00', '');
INSERT INTO `sys_menu` VALUES (1055, '生成查询', 114, 1, '#', '', 1, 'F', '0', '0', 'tool:gen:query', '#', 'admin', '2018-03-16 11:33:00', 'ry', '2018-03-16 11:33:00', '');
INSERT INTO `sys_menu` VALUES (1056, '生成修改', 114, 2, '#', '', 1, 'F', '0', '0', 'tool:gen:edit', '#', 'admin', '2018-03-16 11:33:00', 'ry', '2018-03-16 11:33:00', '');
INSERT INTO `sys_menu` VALUES (1057, '生成删除', 114, 3, '#', '', 1, 'F', '0', '0', 'tool:gen:remove', '#', 'admin', '2018-03-16 11:33:00', 'ry', '2018-03-16 11:33:00', '');
INSERT INTO `sys_menu` VALUES (1058, '导入代码', 114, 2, '#', '', 1, 'F', '0', '0', 'tool:gen:import', '#', 'admin', '2018-03-16 11:33:00', 'ry', '2018-03-16 11:33:00', '');
INSERT INTO `sys_menu` VALUES (1059, '预览代码', 114, 4, '#', '', 1, 'F', '0', '0', 'tool:gen:preview', '#', 'admin', '2018-03-16 11:33:00', 'ry', '2018-03-16 11:33:00', '');
INSERT INTO `sys_menu` VALUES (1060, '生成代码', 114, 5, '#', '', 1, 'F', '0', '0', 'tool:gen:code', '#', 'admin', '2018-03-16 11:33:00', 'ry', '2018-03-16 11:33:00', '');

INSERT INTO `sys_post` VALUES (1, 'ceo', '董事长', 1, '0', 'admin', '2021-01-06 17:21:01', '', NULL, '');
INSERT INTO `sys_post` VALUES (2, 'se', '项目经理', 2, '0', 'admin', '2021-01-06 17:21:01', '', NULL, '');
INSERT INTO `sys_post` VALUES (3, 'hr', '人力资源', 3, '0', 'admin', '2021-01-06 17:21:01', '', NULL, '');
INSERT INTO `sys_post` VALUES (4, 'user', '普通员工', 4, '0', 'admin', '2021-01-06 17:21:01', '', NULL, '');

INSERT INTO `sys_role_dept` VALUES (2, 100);
INSERT INTO `sys_role_dept` VALUES (2, 101);
INSERT INTO `sys_role_dept` VALUES (2, 105);

INSERT INTO `sys_role_menu` VALUES (2, 1);
INSERT INTO `sys_role_menu` VALUES (2, 2);
INSERT INTO `sys_role_menu` VALUES (2, 3);
INSERT INTO `sys_role_menu` VALUES (2, 4);
INSERT INTO `sys_role_menu` VALUES (2, 100);
INSERT INTO `sys_role_menu` VALUES (2, 101);
INSERT INTO `sys_role_menu` VALUES (2, 102);
INSERT INTO `sys_role_menu` VALUES (2, 103);
INSERT INTO `sys_role_menu` VALUES (2, 104);
INSERT INTO `sys_role_menu` VALUES (2, 105);
INSERT INTO `sys_role_menu` VALUES (2, 106);
INSERT INTO `sys_role_menu` VALUES (2, 107);
INSERT INTO `sys_role_menu` VALUES (2, 108);
INSERT INTO `sys_role_menu` VALUES (2, 109);
INSERT INTO `sys_role_menu` VALUES (2, 110);
INSERT INTO `sys_role_menu` VALUES (2, 111);
INSERT INTO `sys_role_menu` VALUES (2, 112);
INSERT INTO `sys_role_menu` VALUES (2, 113);
INSERT INTO `sys_role_menu` VALUES (2, 114);
INSERT INTO `sys_role_menu` VALUES (2, 115);
INSERT INTO `sys_role_menu` VALUES (2, 116);
INSERT INTO `sys_role_menu` VALUES (2, 500);
INSERT INTO `sys_role_menu` VALUES (2, 501);
INSERT INTO `sys_role_menu` VALUES (2, 1000);
INSERT INTO `sys_role_menu` VALUES (2, 1001);
INSERT INTO `sys_role_menu` VALUES (2, 1002);
INSERT INTO `sys_role_menu` VALUES (2, 1003);
INSERT INTO `sys_role_menu` VALUES (2, 1004);
INSERT INTO `sys_role_menu` VALUES (2, 1005);
INSERT INTO `sys_role_menu` VALUES (2, 1006);
INSERT INTO `sys_role_menu` VALUES (2, 1007);
INSERT INTO `sys_role_menu` VALUES (2, 1008);
INSERT INTO `sys_role_menu` VALUES (2, 1009);
INSERT INTO `sys_role_menu` VALUES (2, 1010);
INSERT INTO `sys_role_menu` VALUES (2, 1011);
INSERT INTO `sys_role_menu` VALUES (2, 1012);
INSERT INTO `sys_role_menu` VALUES (2, 1013);
INSERT INTO `sys_role_menu` VALUES (2, 1014);
INSERT INTO `sys_role_menu` VALUES (2, 1015);
INSERT INTO `sys_role_menu` VALUES (2, 1016);
INSERT INTO `sys_role_menu` VALUES (2, 1017);
INSERT INTO `sys_role_menu` VALUES (2, 1018);
INSERT INTO `sys_role_menu` VALUES (2, 1019);
INSERT INTO `sys_role_menu` VALUES (2, 1020);
INSERT INTO `sys_role_menu` VALUES (2, 1021);
INSERT INTO `sys_role_menu` VALUES (2, 1022);
INSERT INTO `sys_role_menu` VALUES (2, 1023);
INSERT INTO `sys_role_menu` VALUES (2, 1024);
INSERT INTO `sys_role_menu` VALUES (2, 1025);
INSERT INTO `sys_role_menu` VALUES (2, 1026);
INSERT INTO `sys_role_menu` VALUES (2, 1027);
INSERT INTO `sys_role_menu` VALUES (2, 1028);
INSERT INTO `sys_role_menu` VALUES (2, 1029);
INSERT INTO `sys_role_menu` VALUES (2, 1030);
INSERT INTO `sys_role_menu` VALUES (2, 1031);
INSERT INTO `sys_role_menu` VALUES (2, 1032);
INSERT INTO `sys_role_menu` VALUES (2, 1033);
INSERT INTO `sys_role_menu` VALUES (2, 1034);
INSERT INTO `sys_role_menu` VALUES (2, 1035);
INSERT INTO `sys_role_menu` VALUES (2, 1036);
INSERT INTO `sys_role_menu` VALUES (2, 1037);
INSERT INTO `sys_role_menu` VALUES (2, 1038);
INSERT INTO `sys_role_menu` VALUES (2, 1039);
INSERT INTO `sys_role_menu` VALUES (2, 1040);
INSERT INTO `sys_role_menu` VALUES (2, 1041);
INSERT INTO `sys_role_menu` VALUES (2, 1042);
INSERT INTO `sys_role_menu` VALUES (2, 1043);
INSERT INTO `sys_role_menu` VALUES (2, 1044);
INSERT INTO `sys_role_menu` VALUES (2, 1045);
INSERT INTO `sys_role_menu` VALUES (2, 1046);
INSERT INTO `sys_role_menu` VALUES (2, 1047);
INSERT INTO `sys_role_menu` VALUES (2, 1048);
INSERT INTO `sys_role_menu` VALUES (2, 1049);
INSERT INTO `sys_role_menu` VALUES (2, 1050);
INSERT INTO `sys_role_menu` VALUES (2, 1051);
INSERT INTO `sys_role_menu` VALUES (2, 1052);
INSERT INTO `sys_role_menu` VALUES (2, 1053);
INSERT INTO `sys_role_menu` VALUES (2, 1054);
INSERT INTO `sys_role_menu` VALUES (2, 1055);
INSERT INTO `sys_role_menu` VALUES (2, 1056);
INSERT INTO `sys_role_menu` VALUES (2, 1057);
INSERT INTO `sys_role_menu` VALUES (2, 1058);
INSERT INTO `sys_role_menu` VALUES (2, 1059);
INSERT INTO `sys_role_menu` VALUES (2, 1060);
INSERT INTO `sys_role_menu` VALUES (2, 1061);

INSERT INTO `sys_role` VALUES (1, '超级管理员', 'admin', 1, '1', '0', '0', 'admin', '2021-01-06 17:21:01', '', NULL, '超级管理员');
INSERT INTO `sys_role` VALUES (2, '普通角色', 'common', 2, '2', '0', '0', 'admin', '2021-01-06 17:21:01', '', NULL, '普通角色');

INSERT INTO `sys_user_post` VALUES (1, 1);
INSERT INTO `sys_user_post` VALUES (2, 2);

INSERT INTO `sys_user_role` VALUES (1, 1);
INSERT INTO `sys_user_role` VALUES (2, 2);

INSERT INTO `sys_user` VALUES (1, 103, 'admin', '若依', '00', 'ry@163.com', '15888888888', '1', '', '$2a$10$7JB720yubVSZvUI0rEqK/.VqGOZTH.ulu33dHOiBE8ByOhJIrdAu2', '0', '0', '127.0.0.1', '2018-03-16 11:33:00', 'admin', '2018-03-16 11:33:00', 'ry', '2018-03-16 11:33:00', '管理员');
INSERT INTO `sys_user` VALUES (2, 105, 'ry', '若依', '00', 'ry@qq.com', '15666666666', '1', '', '$2a$10$7JB720yubVSZvUI0rEqK/.VqGOZTH.ulu33dHOiBE8ByOhJIrdAu2', '0', '0', '127.0.0.1', '2018-03-16 11:33:00', 'admin', '2018-03-16 11:33:00', 'admin', '2020-05-12 20:24:26', '测试员1');


-- ----------------------------
-- Procedure structure for AUTO_ADD_PARTITION
-- ----------------------------
delimiter ;;
CREATE PROCEDURE `itms`.`AUTO_ADD_PARTITION`(IN in_schema VARCHAR ( 20 ),
    IN in_table_name VARCHAR ( 20 ),
    IN in_days INTEGER)
BEGIN
    /* 事务回滚，其实放这里没什么作用，ALTER TABLE是隐式提交，回滚不了的。*/
    declare exit handler for sqlexception rollback;
    start TRANSACTION;

    SELECT REPLACE( partition_name, 'p', '' ) into @last_pname FROM INFORMATION_SCHEMA.PARTITIONS WHERE TABLE_SCHEMA = in_schema AND table_name = in_table_name ORDER BY partition_ordinal_position DESC LIMIT 1;
    /* 打印日志 */
    SELECT concat('last partition name is ', @last_pname);

    -- 定义开始循环时间变量
    select STR_TO_DATE(@last_pname, '%Y%m%d') into @start_date;
    select DATE_ADD(NOW(),INTERVAL in_days DAY) into @end_data;

    -- 循环创建分区表
    WHILE datediff(@start_date, @end_data) <= 0
    DO
        select DATE_FORMAT(@start_date,'%Y%m%d') into @cur_date_str;
        set @cur_partition_name = concat('p',@cur_date_str);
        SELECT count(partition_name) into @pcnt FROM INFORMATION_SCHEMA.PARTITIONS WHERE TABLE_SCHEMA = in_schema AND table_name = in_table_name AND partition_name = @cur_partition_name;
        IF @pcnt = 0 THEN
	    /* 修改表，在最大分区的后面增加一个分区，时间范围加半个月 */
	    SET @s1=concat('ALTER TABLE ',in_table_name,' ADD PARTITION (PARTITION ',@cur_partition_name,' VALUES LESS THAN (TO_DAYS (''',date(@cur_date_str),''')))');
            PREPARE stmt2 FROM @s1;
	    EXECUTE stmt2;
	    DEALLOCATE PREPARE stmt2;
        END IF;

        -- 给日期+1天
        set @start_date = DATE_ADD(@start_date,INTERVAL 1 DAY);
    END WHILE;

END
;;
delimiter ;

-- ----------------------------
-- Procedure structure for AUTO_DROP_PARTITION
-- ----------------------------
delimiter ;;
CREATE PROCEDURE `itms`.`AUTO_DROP_PARTITION`(IN in_schema VARCHAR ( 20 ),
    IN in_table_name VARCHAR ( 20 ),
    IN in_days INTEGER)
BEGIN
  DECLARE str_day VARCHAR(64);
  DECLARE _err INT(1);
  DECLARE done INT DEFAULT 0;
  DECLARE par_name VARCHAR(64);

  DECLARE cur_partition_name CURSOR FOR
  SELECT partition_name
  FROM INFORMATION_SCHEMA.PARTITIONS
  WHERE TABLE_SCHEMA = in_schema AND table_name = in_table_name
  ORDER BY partition_ordinal_position;

  DECLARE CONTINUE HANDLER FOR SQLEXCEPTION, SQLWARNING, NOT FOUND SET _err = 1;
  DECLARE CONTINUE HANDLER FOR SQLSTATE '02000' SET done = 1;

  SET str_day = DATE_FORMAT(DATE_SUB(NOW(),INTERVAL overdue_days DAY), '%Y%m%d');

  OPEN cur_partition_name;
  REPEAT
    FETCH cur_partition_name INTO par_name;
    IF (str_day > SUBSTRING(par_name, 2)) THEN
      SET @alter_sql = CONCAT('alter table ', in_table_name, ' drop PARTITION ', par_name);
      PREPARE stmt1 FROM @alter_sql;
      EXECUTE stmt1;
    END IF;
  UNTIL done END REPEAT;
  CLOSE cur_partition_name;
END
;;
delimiter ;

-- ----------------------------
-- Procedure structure for AUTO_EXCHANGE_PARTITION
-- ----------------------------
delimiter ;;
CREATE PROCEDURE `itms`.`AUTO_EXCHANGE_PARTITION`(IN in_table_name VARCHAR ( 20 ))
BEGIN
    /* 事务回滚，其实放这里没什么作用，ALTER TABLE是隐式提交，回滚不了的。*/
    declare exit handler for sqlexception rollback;
    start TRANSACTION;

    -- 归档表和临时表
    SET @table_t=concat(in_table_name, '_T');
    SET @table_tmp=concat(in_table_name, '_TMP');

    -- 定义交换分区变量（昨天）
    select concat('p', DATE_FORMAT(DATE_SUB(NOW(),INTERVAL 1 DAY),'%Y%m%d')) into @exchangePatition;

    -- 清空临时表
    SET @s1=concat('TRUNCATE TABLE ',@table_tmp);
    PREPARE stmt1 FROM @s1;
    EXECUTE stmt1;
    DEALLOCATE PREPARE stmt1;

    -- 先把BUSI_OPER某天分区的数据交换到BUSI_OPER_TMP表
    -- 再把BUSI_OPER_TMP表的数据交换到BUSI_OPER_T表某天分区
    SET @s2=concat('alter table ',in_table_name,' exchange partition ',@exchangePatition,' with table ',@table_tmp);
    PREPARE stmt2 FROM @s2;
    EXECUTE stmt2;
    DEALLOCATE PREPARE stmt2;

    SET @s3=concat('alter table ',@table_t,' exchange partition ',@exchangePatition,' with table ',@table_tmp);
    PREPARE stmt3 FROM @s3;
    EXECUTE stmt3;
    DEALLOCATE PREPARE stmt3;

    -- 这个时候统计信息没有更新，需要先更新统计信息，再查看分区内数据
    SET @s4=concat('analyze table ',in_table_name);
    PREPARE stmt4 FROM @s4;
    EXECUTE stmt4;
    DEALLOCATE PREPARE stmt4;

    SET @s5=concat('analyze table ',@table_t);
    PREPARE stmt5 FROM @s5;
    EXECUTE stmt5;
    DEALLOCATE PREPARE stmt5;

END
;;
delimiter ;

-- ----------------------------
-- Procedure structure for iniSstatistics
-- ----------------------------
delimiter ;;
CREATE PROCEDURE `itms`.`iniSstatistics`()
BEGIN
	DECLARE srcIp BIGINT(11);
	DECLARE userNameCache VARCHAR(50);
	DECLARE dstCode VARCHAR(50);
	DECLARE stampTime DATE;
	DECLARE operAction INT(1);
	DECLARE s INT DEFAULT 0;

	DECLARE report CURSOR FOR SELECT src_ip,username,dst_code,stamp,ACTION FROM busi_oper  ORDER BY stamp ASC;
	DECLARE CONTINUE HANDLER FOR NOT FOUND SET s=1;
	OPEN report;
	REPEAT
		FETCH report INTO srcIp,userNameCache,dstCode,stampTime,operAction;
		IF s=0 THEN
			INSERT INTO busi_statistics(src_ip,username,dst_code,stamp,ACTION) VALUES(srcIp,userNameCache,dstCode,stampTime,operAction) ON DUPLICATE KEY UPDATE COUNT = COUNT + 1;
		END IF;
	UNTIL s=1 END REPEAT;

	CLOSE report;



END
;;
delimiter ;

SET FOREIGN_KEY_CHECKS = 1;
